dataset,method,auc,pr,runtime,seed,shuffled
backdoor,RRCF,0.732118831,0.158244015,10136.96186,9,FALSE
backdoor,RRCF,0.725185806,0.120749102,10005.59899,8,FALSE
backdoor,RRCF,0.764193038,0.130988463,9687.201796,5,FALSE
backdoor,RRCF,0.752875065,0.154542702,9807.948047,0,FALSE
backdoor,RRCF,0.707633765,0.109782317,9756.12235,2,FALSE
backdoor,RRCF,0.711190811,0.113078326,10137.17881,3,FALSE
backdoor,RRCF,0.72989965,0.116427252,9816.335736,7,FALSE
backdoor,RRCF,0.742188468,0.122550917,9914.352668,1,FALSE
backdoor,RRCF,0.747927741,0.131576536,9899.580332,6,FALSE
backdoor,RRCF,0.744183994,0.113557399,9820.40212,4,FALSE
campaign,RRCF,0.617296618,0.23881425,3237.306038,7,FALSE
campaign,RRCF,0.619201175,0.17427326,3220.013873,8,FALSE
campaign,RRCF,0.61983695,0.180417025,3209.463758,0,FALSE
campaign,RRCF,0.566184229,0.151818436,2968.182997,3,FALSE
campaign,RRCF,0.582900469,0.169292243,3050.306723,4,FALSE
campaign,RRCF,0.573029737,0.158319226,3174.624211,5,FALSE
campaign,RRCF,0.648224666,0.197483197,3252.546954,9,FALSE
campaign,RRCF,0.616358097,0.201248407,3231.192894,2,FALSE
campaign,RRCF,0.578213193,0.162569199,3258.839444,1,FALSE
campaign,RRCF,0.595691424,0.153451232,3158.632283,6,FALSE
celeba,RRCF,0.697829999,0.047151649,14835.45676,4,FALSE
celeba,RRCF,0.559776513,0.025493129,14136.76131,5,FALSE
celeba,RRCF,0.69599375,0.048456095,14442.25632,3,FALSE
celeba,RRCF,0.53373857,0.028063816,14083.594,9,FALSE
celeba,RRCF,0.593295001,0.030351265,14760.34772,1,FALSE
celeba,RRCF,0.564412873,0.024223575,13878.73558,0,FALSE
celeba,RRCF,0.587789031,0.039227736,14165.48943,6,FALSE
celeba,RRCF,0.623840665,0.039448066,14275.53467,7,FALSE
celeba,RRCF,0.676920489,0.064929729,14469.90975,8,FALSE
celeba,RRCF,0.630415603,0.039233033,13882.64835,2,FALSE
census,RRCF,0.561656906,0.071898476,61306.66422,5,FALSE
census,RRCF,0.528380833,0.07115533,54298.8311,9,FALSE
census,RRCF,0.569229996,0.080572507,58678.8743,1,FALSE
census,RRCF,0.537865642,0.073390321,58098.66591,4,FALSE
census,RRCF,0.569345767,0.077587171,61820.74522,6,FALSE
census,RRCF,0.529908896,0.071430246,59412.23153,7,FALSE
census,RRCF,0.530172985,0.070631657,59633.35061,2,FALSE
census,RRCF,0.557456391,0.075104645,56162.47102,3,FALSE
census,RRCF,0.551964418,0.070635464,58811.95618,8,FALSE
census,RRCF,0.532671234,0.069502165,58462.37448,0,FALSE
cover,RRCF,0.571228678,0.014927783,16129.50602,4,FALSE
cover,RRCF,0.571246193,0.01183822,16257.40159,9,FALSE
cover,RRCF,0.615602496,0.015862298,16077.21791,3,FALSE
cover,RRCF,0.575481248,0.013723582,16082.91235,6,FALSE
cover,RRCF,0.58429993,0.013042998,16011.40358,7,FALSE
cover,RRCF,0.537348844,0.011119297,16073.06116,0,FALSE
cover,RRCF,0.543821402,0.011939734,16161.12242,2,FALSE
cover,RRCF,0.609658091,0.014853647,16124.21905,8,FALSE
cover,RRCF,0.57326435,0.014537787,15962.14212,1,FALSE
cover,RRCF,0.545058523,0.011615421,16077.70512,5,FALSE
donors,RRCF,0.568020316,0.068793266,21886.62469,3,FALSE
donors,RRCF,0.611073027,0.080755009,21852.47527,1,FALSE
donors,RRCF,0.505035693,0.056169161,21464.47015,2,FALSE
donors,RRCF,0.686444939,0.084663456,22283.35833,4,FALSE
donors,RRCF,0.65185941,0.080027257,22216.85615,6,FALSE
donors,RRCF,0.590587965,0.065495772,21737.00989,0,FALSE
donors,RRCF,0.638561501,0.082923953,21792.14132,9,FALSE
donors,RRCF,0.540568596,0.059652611,21079.86521,5,FALSE
donors,RRCF,0.732729962,0.09649789,21715.53414,7,FALSE
donors,RRCF,0.534850734,0.061266285,21671.64722,8,FALSE
fraud,RRCF,0.864467142,0.03338701,21799.45018,9,FALSE
fraud,RRCF,0.873776463,0.018115571,22317.96546,6,FALSE
fraud,RRCF,0.853051722,0.023646531,22462.61054,3,FALSE
fraud,RRCF,0.800166718,0.01823554,22150.28507,4,FALSE
fraud,RRCF,0.837631447,0.025638118,23268.63233,5,FALSE
fraud,RRCF,0.876100298,0.032268845,21497.50468,7,FALSE
fraud,RRCF,0.866142225,0.025835106,21992.97126,1,FALSE
fraud,RRCF,0.878638034,0.031011552,22735.7155,0,FALSE
fraud,RRCF,0.88306937,0.032517407,21805.20229,2,FALSE
fraud,RRCF,0.873256964,0.027406789,21606.77345,8,FALSE
http,RRCF,0.246631208,0.00338003,29482.00179,6,FALSE
http,RRCF,0.253966668,0.003313479,29883.2215,1,FALSE
http,RRCF,0.225798232,0.002980441,29735.54505,7,FALSE
http,RRCF,0.24414978,0.003236371,29928.19011,0,FALSE
http,RRCF,0.227219115,0.002929141,29917.09855,9,FALSE
http,RRCF,0.230584268,0.003114388,29851.73412,3,FALSE
http,RRCF,0.237974149,0.003102567,29957.9784,2,FALSE
http,RRCF,0.243966811,0.003302276,29920.27821,4,FALSE
http,RRCF,0.246485332,0.003247389,29540.83354,8,FALSE
http,RRCF,0.251323861,0.003350843,29889.56957,5,FALSE
mammography,RRCF,0.779013761,0.11598741,524.0020549,0,FALSE
mammography,RRCF,0.693491503,0.059536512,498.6271434,1,FALSE
mammography,RRCF,0.727095085,0.065745397,500.3878877,9,FALSE
mammography,RRCF,0.727504771,0.064324861,482.8275254,6,FALSE
mammography,RRCF,0.761380538,0.079864537,503.3874137,7,FALSE
mammography,RRCF,0.748513194,0.087403251,506.1156981,4,FALSE
mammography,RRCF,0.72453063,0.051853419,503.9261472,3,FALSE
mammography,RRCF,0.728249847,0.060301015,501.4427733,5,FALSE
mammography,RRCF,0.747745759,0.071663612,511.0629375,8,FALSE
mammography,RRCF,0.803112346,0.107239438,499.8764846,2,FALSE
mulcross,RRCF,0.832738628,0.228594453,14963.5652,8,FALSE
mulcross,RRCF,0.924214309,0.388184945,14912.30685,7,FALSE
mulcross,RRCF,0.805558412,0.226597396,14934.05808,0,FALSE
mulcross,RRCF,0.725309255,0.153564873,14535.3134,1,FALSE
mulcross,RRCF,0.754337334,0.218707271,14363.16991,5,FALSE
mulcross,RRCF,0.722225092,0.1899374,14785.84939,6,FALSE
mulcross,RRCF,0.563189885,0.101241707,14603.24624,9,FALSE
mulcross,RRCF,0.612736215,0.119099221,14127.86109,3,FALSE
mulcross,RRCF,0.757195515,0.170027227,15381.42504,2,FALSE
mulcross,RRCF,0.55575162,0.105018194,14137.73366,4,FALSE
nyc taxi,RRCF,0.480594364,0.054099514,463.2166076,9,FALSE
nyc taxi,RRCF,0.496660993,0.05264816,454.1818612,1,FALSE
nyc taxi,RRCF,0.469829569,0.050537311,471.0640728,6,FALSE
nyc taxi,RRCF,0.544911125,0.056443866,474.4869688,7,FALSE
nyc taxi,RRCF,0.509934454,0.053554386,455.1735039,2,FALSE
nyc taxi,RRCF,0.459927436,0.054168826,452.9378393,5,FALSE
nyc taxi,RRCF,0.486889481,0.04957542,473.4854236,0,FALSE
nyc taxi,RRCF,0.511668933,0.051953793,473.3957415,3,FALSE
nyc taxi,RRCF,0.475594387,0.05798585,459.2452469,8,FALSE
nyc taxi,RRCF,0.454369131,0.050488271,462.6624272,4,FALSE
nyc taxi shingle,RRCF,0.53850762,0.061135304,673.3054736,8,FALSE
nyc taxi shingle,RRCF,0.579571748,0.064233428,714.7538846,5,FALSE
nyc taxi shingle,RRCF,0.605699103,0.080207134,682.5120583,0,FALSE
nyc taxi shingle,RRCF,0.574061627,0.090672475,693.0519841,7,FALSE
nyc taxi shingle,RRCF,0.536202786,0.065634807,685.5473835,4,FALSE
nyc taxi shingle,RRCF,0.504475351,0.060263763,688.5466409,6,FALSE
nyc taxi shingle,RRCF,0.509225561,0.052491797,672.8991714,3,FALSE
nyc taxi shingle,RRCF,0.593524336,0.098745326,673.5592334,9,FALSE
nyc taxi shingle,RRCF,0.569455217,0.066308447,691.2426095,2,FALSE
nyc taxi shingle,RRCF,0.537145681,0.067364307,671.3852417,1,FALSE
shuttle,RRCF,0.724288278,0.192683916,3924.473136,1,FALSE
shuttle,RRCF,0.701401483,0.204186976,3848.149192,8,FALSE
shuttle,RRCF,0.860014982,0.341709513,3832.054475,5,FALSE
shuttle,RRCF,0.79007651,0.257488491,3830.014351,0,FALSE
shuttle,RRCF,0.656312091,0.105652769,3801.415276,6,FALSE
shuttle,RRCF,0.877500869,0.395129251,3919.842894,9,FALSE
shuttle,RRCF,0.787213967,0.279972743,3629.762305,2,FALSE
shuttle,RRCF,0.866581589,0.345615164,3796.925539,4,FALSE
shuttle,RRCF,0.878871161,0.25655016,3668.752772,3,FALSE
shuttle,RRCF,0.612365106,0.09419156,3801.149817,7,FALSE
smtp,RRCF,0.721327678,0.001619684,6190.227727,5,FALSE
smtp,RRCF,0.839089734,0.010293923,6037.844806,9,FALSE
smtp,RRCF,0.84731076,0.014003487,5943.61645,4,FALSE
smtp,RRCF,0.80525934,0.016634473,6108.303585,7,FALSE
smtp,RRCF,0.78384441,0.007702363,6112.992884,2,FALSE
smtp,RRCF,0.778361506,0.006836079,6139.142668,1,FALSE
smtp,RRCF,0.866162774,0.010226055,6025.384693,3,FALSE
smtp,RRCF,0.820857775,0.009959946,6102.529049,6,FALSE
smtp,RRCF,0.7961982,0.013715968,5962.530724,8,FALSE
smtp,RRCF,0.779584446,0.006310838,6155.104292,0,FALSE
insects,RRCF,0.576200322,0.074340129,7984.586541,8,FALSE
insects,RRCF,0.613100843,0.081752558,7446.339822,4,FALSE
insects,RRCF,0.583292707,0.070051448,7731.40044,7,FALSE
insects,RRCF,0.592364703,0.073428435,6953.479294,2,FALSE
insects,RRCF,0.597450665,0.070811734,7569.145844,9,FALSE
insects,RRCF,0.591451735,0.082217634,7859.568091,0,FALSE
insects,RRCF,0.628856378,0.081248258,7642.520031,5,FALSE
insects,RRCF,0.653119817,0.0972045,8171.60807,1,FALSE
insects,RRCF,0.593441432,0.073807253,7594.565124,3,FALSE
insects,RRCF,0.607153228,0.080272383,6949.747949,6,FALSE
Tuesday-WorkingHours,RRCF,0.478647991,0.029359209,22892.6932,3,FALSE
Tuesday-WorkingHours,RRCF,0.497489842,0.030885289,22646.45418,1,FALSE
Tuesday-WorkingHours,RRCF,0.460661817,0.029487554,23871.26942,0,FALSE
Tuesday-WorkingHours,RRCF,0.417525159,0.026238088,22994.5456,2,FALSE
Tuesday-WorkingHours,RRCF,0.461801533,0.028085936,24398.97154,7,FALSE
Tuesday-WorkingHours,RRCF,0.45943736,0.028658018,23211.59665,8,FALSE
Tuesday-WorkingHours,RRCF,0.453526365,0.028231269,22765.69151,5,FALSE
Tuesday-WorkingHours,RRCF,0.404999796,0.02574207,23990.97461,9,FALSE
Tuesday-WorkingHours,RRCF,0.437593336,0.027909207,23086.83356,6,FALSE
Tuesday-WorkingHours,RRCF,0.454141957,0.027939313,24067.22871,4,FALSE
Thursday-WorkingHours-Morning-WebAttacks,RRCF,0.533499528,0.012546538,16261.18483,9,FALSE
Thursday-WorkingHours-Morning-WebAttacks,RRCF,0.676626042,0.018830336,15441.32539,7,FALSE
Thursday-WorkingHours-Morning-WebAttacks,RRCF,0.563578036,0.013578628,15048.6367,5,FALSE
Thursday-WorkingHours-Morning-WebAttacks,RRCF,0.495642274,0.01141281,15001.11092,1,FALSE
Thursday-WorkingHours-Morning-WebAttacks,RRCF,0.626193372,0.015815209,15710.7421,8,FALSE
Thursday-WorkingHours-Morning-WebAttacks,RRCF,0.665109694,0.017874023,16215.57765,6,FALSE
Thursday-WorkingHours-Morning-WebAttacks,RRCF,0.589545552,0.015055277,15937.31082,2,FALSE
Thursday-WorkingHours-Morning-WebAttacks,RRCF,0.608798442,0.015356207,16455.31826,0,FALSE
Thursday-WorkingHours-Morning-WebAttacks,RRCF,0.666059028,0.018091344,15801.68625,4,FALSE
Thursday-WorkingHours-Morning-WebAttacks,RRCF,0.633886039,0.016159496,15541.5559,3,FALSE
Thursday-WorkingHours-Afternoon-Infilteration,RRCF,0.840210154,0.000887106,27955.12805,9,FALSE
Thursday-WorkingHours-Afternoon-Infilteration,RRCF,0.801972031,0.000859815,27896.30079,2,FALSE
Thursday-WorkingHours-Afternoon-Infilteration,RRCF,0.869641366,0.000677513,27950.12699,0,FALSE
Thursday-WorkingHours-Afternoon-Infilteration,RRCF,0.8623589,0.001590644,28423.79305,5,FALSE
Thursday-WorkingHours-Afternoon-Infilteration,RRCF,0.841463959,0.001118817,26932.34301,1,FALSE
Thursday-WorkingHours-Afternoon-Infilteration,RRCF,0.841316198,0.001798853,26857.65188,3,FALSE
Thursday-WorkingHours-Afternoon-Infilteration,RRCF,0.835149739,0.000773229,27395.00236,4,FALSE
Thursday-WorkingHours-Afternoon-Infilteration,RRCF,0.849755005,0.001538941,27504.16722,6,FALSE
Thursday-WorkingHours-Afternoon-Infilteration,RRCF,0.807921758,0.000689736,27841.27721,8,FALSE
Thursday-WorkingHours-Afternoon-Infilteration,RRCF,0.876158843,0.000929099,27441.29459,7,FALSE
Friday-WorkingHours-Morning,RRCF,0.644838657,0.015790964,11436.47795,9,FALSE
Friday-WorkingHours-Morning,RRCF,0.567186544,0.012309879,10294.98378,8,FALSE
Friday-WorkingHours-Morning,RRCF,0.564764824,0.013198679,9633.893994,5,FALSE
Friday-WorkingHours-Morning,RRCF,0.608153057,0.014370518,12024.61636,2,FALSE
Friday-WorkingHours-Morning,RRCF,0.553033456,0.011715886,9895.028246,4,FALSE
Friday-WorkingHours-Morning,RRCF,0.629359074,0.01547844,9661.349966,3,FALSE
Friday-WorkingHours-Morning,RRCF,0.53014776,0.011451269,10040.25928,1,FALSE
Friday-WorkingHours-Morning,RRCF,0.59247919,0.013232019,10548.99308,6,FALSE
Friday-WorkingHours-Morning,RRCF,0.581781402,0.012492561,12417.82306,7,FALSE
Friday-WorkingHours-Morning,RRCF,0.615594953,0.013844598,11462.51536,0,FALSE
backdoor,HST,0.546397956,0.031101123,116.1553531,9,FALSE
backdoor,HST,0.67515509,0.048565477,116.7387774,3,FALSE
backdoor,HST,0.522488061,0.029403691,112.5748663,5,FALSE
backdoor,HST,0.665100334,0.043743902,112.0618386,2,FALSE
backdoor,HST,0.563987255,0.032024545,113.0481715,8,FALSE
backdoor,HST,0.507813663,0.026994794,114.9283278,0,FALSE
backdoor,HST,0.470172851,0.027701115,115.6101129,7,FALSE
backdoor,HST,0.558859539,0.036923784,115.7633584,1,FALSE
backdoor,HST,0.639376593,0.037436955,111.8985467,4,FALSE
backdoor,HST,0.522496307,0.026834996,113.4968231,6,FALSE
campaign,HST,0.687166906,0.239346837,51.06672096,5,FALSE
campaign,HST,0.681214118,0.253760014,48.57686305,7,FALSE
campaign,HST,0.700025828,0.25358226,49.63620663,2,FALSE
campaign,HST,0.702707667,0.2746085,51.85543799,4,FALSE
campaign,HST,0.663853463,0.239276378,49.74125195,1,FALSE
campaign,HST,0.702015934,0.28034179,51.52806163,3,FALSE
campaign,HST,0.683005191,0.264684703,50.43445563,0,FALSE
campaign,HST,0.693512877,0.285258973,50.52078342,9,FALSE
campaign,HST,0.712990513,0.275717813,51.35115075,8,FALSE
campaign,HST,0.706423951,0.286135698,50.27117825,6,FALSE
celeba,HST,0.691125777,0.062157085,325.0056853,6,FALSE
celeba,HST,0.757360633,0.080814293,325.616787,5,FALSE
celeba,HST,0.745674124,0.075142933,326.4837768,7,FALSE
celeba,HST,0.717923176,0.062814951,315.5010529,9,FALSE
celeba,HST,0.737890497,0.072028494,326.3593302,0,FALSE
celeba,HST,0.769121348,0.079834592,328.1373637,2,FALSE
celeba,HST,0.758272708,0.074761914,332.8952267,4,FALSE
celeba,HST,0.724168496,0.06755852,328.8561847,8,FALSE
celeba,HST,0.741833422,0.079850584,324.9504049,3,FALSE
celeba,HST,0.768390808,0.082305887,327.960007,1,FALSE
census,HST,0.60360649,0.074028622,388.5931058,7,FALSE
census,HST,0.598522289,0.071900304,391.2019188,6,FALSE
census,HST,0.594090945,0.07168074,385.5056477,1,FALSE
census,HST,0.585174103,0.070372499,387.0724154,4,FALSE
census,HST,0.537538423,0.062157931,390.8235242,5,FALSE
census,HST,0.584162618,0.069531954,388.1319795,2,FALSE
census,HST,0.631517423,0.080838828,386.2204378,0,FALSE
census,HST,0.641394246,0.08175415,384.1492102,3,FALSE
census,HST,0.621087671,0.074881349,389.7200437,9,FALSE
census,HST,0.613001833,0.075054554,384.5159481,8,FALSE
cover,HST,0.477179,0.01527789,456.8601663,7,FALSE
cover,HST,0.462922285,0.015488498,456.3952591,1,FALSE
cover,HST,0.484824412,0.014822829,458.2589195,8,FALSE
cover,HST,0.476587707,0.014381318,455.7440441,3,FALSE
cover,HST,0.46220924,0.012486181,456.5590858,5,FALSE
cover,HST,0.417674544,0.011022424,455.9347961,6,FALSE
cover,HST,0.46719664,0.012744681,451.9931309,0,FALSE
cover,HST,0.448194058,0.014621291,455.6394351,4,FALSE
cover,HST,0.450245953,0.014533707,459.0199981,9,FALSE
cover,HST,0.481788688,0.016752565,446.9291687,2,FALSE
donors,HST,0.734041834,0.096422985,746.2352159,8,FALSE
donors,HST,0.713047028,0.08876857,743.9937012,3,FALSE
donors,HST,0.731773626,0.095226545,754.983017,5,FALSE
donors,HST,0.729444077,0.096828518,749.7870393,2,FALSE
donors,HST,0.748579411,0.100729556,746.6237104,1,FALSE
donors,HST,0.717456721,0.090152483,738.7684329,0,FALSE
donors,HST,0.722867715,0.092230265,732.4050882,6,FALSE
donors,HST,0.751246703,0.101468548,756.729064,7,FALSE
donors,HST,0.772334211,0.113605234,736.1269071,9,FALSE
donors,HST,0.758881282,0.10373875,757.8043323,4,FALSE
fraud,HST,0.908617746,0.194089967,326.8236711,7,FALSE
fraud,HST,0.91641471,0.238708961,328.4152122,4,FALSE
fraud,HST,0.919787007,0.249712966,328.391037,2,FALSE
fraud,HST,0.913409172,0.231451254,331.8612926,3,FALSE
fraud,HST,0.916981866,0.257736488,330.874316,6,FALSE
fraud,HST,0.916204884,0.238716566,330.2214701,0,FALSE
fraud,HST,0.912270181,0.176071358,331.5468435,8,FALSE
fraud,HST,0.918172268,0.216201185,331.4076138,1,FALSE
fraud,HST,0.905759142,0.244553169,332.0863276,9,FALSE
fraud,HST,0.900192983,0.165137848,328.5396228,5,FALSE
http,HST,0.319942869,0.018977139,662.7088695,3,FALSE
http,HST,0.313619528,0.012420186,666.7629428,9,FALSE
http,HST,0.30212474,0.008606891,660.0835488,7,FALSE
http,HST,0.318017348,0.0181881,660.7207263,0,FALSE
http,HST,0.315792097,0.014944806,664.131871,8,FALSE
http,HST,0.318762474,0.021040265,655.8473694,2,FALSE
http,HST,0.31313647,0.011056623,663.0926783,1,FALSE
http,HST,0.308005389,0.009672223,671.4183602,5,FALSE
http,HST,0.309420367,0.012383606,666.6375065,6,FALSE
http,HST,0.308929203,0.011066672,665.7138145,4,FALSE
mammography,HST,0.812579314,0.080093275,13.10015392,8,FALSE
mammography,HST,0.814977218,0.092562697,13.44213176,7,FALSE
mammography,HST,0.79675121,0.063502419,11.69122076,1,FALSE
mammography,HST,0.81471947,0.078339955,12.24771547,5,FALSE
mammography,HST,0.796926035,0.070244386,13.17357826,9,FALSE
mammography,HST,0.801053881,0.071642606,11.8131988,0,FALSE
mammography,HST,0.801253882,0.073498876,12.09981942,6,FALSE
mammography,HST,0.81654325,0.077437416,13.08083606,2,FALSE
mammography,HST,0.807887908,0.07150354,13.113343,3,FALSE
mammography,HST,0.785593561,0.057572534,13.22755814,4,FALSE
mulcross,HST,0.297480335,0.065191893,327.74862,8,FALSE
mulcross,HST,0.320480226,0.067251857,330.5687926,7,FALSE
mulcross,HST,0.305728916,0.06591207,332.1467741,3,FALSE
mulcross,HST,0.312609202,0.066524015,325.3011818,5,FALSE
mulcross,HST,0.333138527,0.068462019,328.8088484,2,FALSE
mulcross,HST,0.314839071,0.066725104,329.4861774,6,FALSE
mulcross,HST,0.351106269,0.070289181,323.6980023,4,FALSE
mulcross,HST,0.335604248,0.068743858,329.0893302,9,FALSE
mulcross,HST,0.311554284,0.066422982,327.6939209,0,FALSE
mulcross,HST,0.352541704,0.070552542,323.5772336,1,FALSE
nyc taxi,HST,0.617076521,0.084429887,12.22139764,6,FALSE
nyc taxi,HST,0.617076521,0.084429887,11.98956394,7,FALSE
nyc taxi,HST,0.617076521,0.084429887,11.43685102,2,FALSE
nyc taxi,HST,0.617076521,0.084429887,11.93154359,4,FALSE
nyc taxi,HST,0.617076521,0.084429887,12.20304513,0,FALSE
nyc taxi,HST,0.617076521,0.084429887,12.29178524,1,FALSE
nyc taxi,HST,0.617076521,0.084429887,12.23735166,9,FALSE
nyc taxi,HST,0.617076521,0.084429887,11.92628455,8,FALSE
nyc taxi,HST,0.617076521,0.084429887,12.00251985,3,FALSE
nyc taxi,HST,0.617076521,0.084429887,12.680439,5,FALSE
nyc taxi shingle,HST,0.431603217,0.053841114,11.47494364,2,FALSE
nyc taxi shingle,HST,0.431630042,0.052780523,11.53643441,7,FALSE
nyc taxi shingle,HST,0.426644922,0.051211477,12.68595481,8,FALSE
nyc taxi shingle,HST,0.434540831,0.056833072,11.71487284,4,FALSE
nyc taxi shingle,HST,0.421943859,0.051939238,12.71789193,1,FALSE
nyc taxi shingle,HST,0.424913662,0.05316858,11.97635341,6,FALSE
nyc taxi shingle,HST,0.418862444,0.051629995,11.51708746,5,FALSE
nyc taxi shingle,HST,0.41418811,0.052023408,12.34725356,9,FALSE
nyc taxi shingle,HST,0.428807679,0.053586386,12.16123271,3,FALSE
nyc taxi shingle,HST,0.409127976,0.048772398,12.00881147,0,FALSE
shuttle,HST,0.978482819,0.902557031,77.53915429,6,FALSE
shuttle,HST,0.978915136,0.908253954,77.30861616,9,FALSE
shuttle,HST,0.97889588,0.911043293,78.70305681,4,FALSE
shuttle,HST,0.977721815,0.906776013,76.83865809,5,FALSE
shuttle,HST,0.978161858,0.901700434,74.56831932,1,FALSE
shuttle,HST,0.979506702,0.907365196,74.73972297,2,FALSE
shuttle,HST,0.978661288,0.905952907,77.81929326,3,FALSE
shuttle,HST,0.978630605,0.903124861,79.32324815,0,FALSE
shuttle,HST,0.977680985,0.906984464,78.43118095,8,FALSE
shuttle,HST,0.977633972,0.904638607,80.21571732,7,FALSE
smtp,HST,0.829001184,0.018577707,108.1989219,9,FALSE
smtp,HST,0.841297858,0.014112152,109.5104036,4,FALSE
smtp,HST,0.834897574,0.012156541,109.6638258,6,FALSE
smtp,HST,0.841224271,0.0145805,106.2011614,2,FALSE
smtp,HST,0.837068379,0.016655181,109.4674084,1,FALSE
smtp,HST,0.84190302,0.008575564,113.007829,7,FALSE
smtp,HST,0.833068071,0.014360462,110.1174679,3,FALSE
smtp,HST,0.844588055,0.015027843,106.8963661,8,FALSE
smtp,HST,0.830703138,0.018688483,111.5961857,0,FALSE
smtp,HST,0.83954159,0.009692625,110.6167688,5,FALSE
insects,HST,0.751038202,0.220682729,130.0188956,7,FALSE
insects,HST,0.75474087,0.216952631,130.1962376,8,FALSE
insects,HST,0.764464882,0.22911656,130.5502906,11,FALSE
insects,HST,0.77895222,0.256791547,129.45226,14,FALSE
insects,HST,0.780982754,0.228626393,132.6870534,13,FALSE
insects,HST,0.770632067,0.232629483,130.4414055,10,FALSE
insects,HST,0.763961783,0.212021965,129.3394296,5,FALSE
insects,HST,0.759437167,0.222658159,158.3129849,6,FALSE
insects,HST,0.764854343,0.252383067,156.9810143,9,FALSE
insects,HST,0.759768356,0.221313139,129.5493438,12,FALSE
Tuesday-WorkingHours,HST,0.608475738,0.03636189,373.1405876,9,FALSE
Tuesday-WorkingHours,HST,0.627957714,0.037652492,374.3183045,11,FALSE
Tuesday-WorkingHours,HST,0.666046517,0.045431785,386.0165854,6,FALSE
Tuesday-WorkingHours,HST,0.668005433,0.043068865,348.6606166,13,FALSE
Tuesday-WorkingHours,HST,0.649942481,0.04108459,295.6723351,12,FALSE
Tuesday-WorkingHours,HST,0.611123244,0.036506153,297.8055096,14,FALSE
Tuesday-WorkingHours,HST,0.648432631,0.041611336,343.3173089,8,FALSE
Tuesday-WorkingHours,HST,0.642376597,0.039644058,316.4922826,10,FALSE
Tuesday-WorkingHours,HST,0.662693813,0.044640655,306.4436431,5,FALSE
Tuesday-WorkingHours,HST,0.655062617,0.040115471,317.1940427,7,FALSE
Thursday-WorkingHours-Morning-WebAttacks,HST,0.478177548,0.011153279,123.9286187,14,FALSE
Thursday-WorkingHours-Morning-WebAttacks,HST,0.531900377,0.012433759,122.4528415,12,FALSE
Thursday-WorkingHours-Morning-WebAttacks,HST,0.604417669,0.014743208,119.5798814,7,FALSE
Thursday-WorkingHours-Morning-WebAttacks,HST,0.58019159,0.013920749,112.5079751,13,FALSE
Thursday-WorkingHours-Morning-WebAttacks,HST,0.4898145,0.011394174,139.0827363,9,FALSE
Thursday-WorkingHours-Morning-WebAttacks,HST,0.516324336,0.012065388,109.5466626,11,FALSE
Thursday-WorkingHours-Morning-WebAttacks,HST,0.605474903,0.014824344,130.8604591,10,FALSE
Thursday-WorkingHours-Morning-WebAttacks,HST,0.578874667,0.013838006,147.0207815,5,FALSE
Thursday-WorkingHours-Morning-WebAttacks,HST,0.569234473,0.013547307,137.2939348,6,FALSE
Thursday-WorkingHours-Morning-WebAttacks,HST,0.468090171,0.010872841,135.3639615,8,FALSE
Thursday-WorkingHours-Afternoon-Infilteration,HST,0.911640087,0.001753871,178.0126405,8,FALSE
Thursday-WorkingHours-Afternoon-Infilteration,HST,0.909927692,0.00222778,181.0124595,6,FALSE
Thursday-WorkingHours-Afternoon-Infilteration,HST,0.909278072,0.002057317,179.6032474,9,FALSE
Thursday-WorkingHours-Afternoon-Infilteration,HST,0.899755265,0.001979682,250.8388646,14,FALSE
Thursday-WorkingHours-Afternoon-Infilteration,HST,0.903785442,0.001622727,249.5677037,13,FALSE
Thursday-WorkingHours-Afternoon-Infilteration,HST,0.912477321,0.001885349,181.0066545,5,FALSE
Thursday-WorkingHours-Afternoon-Infilteration,HST,0.913837254,0.002092708,184.0805447,11,FALSE
Thursday-WorkingHours-Afternoon-Infilteration,HST,0.910623037,0.001848973,241.9891963,12,FALSE
Thursday-WorkingHours-Afternoon-Infilteration,HST,0.906798425,0.001557027,239.571717,10,FALSE
Thursday-WorkingHours-Afternoon-Infilteration,HST,0.893073085,0.001484734,249.9617844,7,FALSE
Friday-WorkingHours-Morning,HST,0.557646983,0.010510601,142.6352639,11,FALSE
Friday-WorkingHours-Morning,HST,0.576911354,0.011007187,133.8519044,10,FALSE
Friday-WorkingHours-Morning,HST,0.587019907,0.011280512,132.1495728,7,FALSE
Friday-WorkingHours-Morning,HST,0.544944697,0.010424664,118.5317962,14,FALSE
Friday-WorkingHours-Morning,HST,0.549023706,0.010379547,133.3678784,9,FALSE
Friday-WorkingHours-Morning,HST,0.549518685,0.010610747,120.0499551,8,FALSE
Friday-WorkingHours-Morning,HST,0.600877573,0.011773146,118.3802352,6,FALSE
Friday-WorkingHours-Morning,HST,0.600140745,0.011621868,123.8323522,5,FALSE
Friday-WorkingHours-Morning,HST,0.614102985,0.012049116,127.0697584,13,FALSE
Friday-WorkingHours-Morning,HST,0.555254693,0.010556497,135.9252014,12,FALSE
backdoor,AIF,0.603519705,0.027575162,3460.383681,2,FALSE
backdoor,AIF,0.718775401,0.043001807,3480.093821,6,FALSE
backdoor,AIF,0.695367173,0.037448431,3461.878234,7,FALSE
backdoor,AIF,0.705673687,0.041625312,3507.99699,8,FALSE
backdoor,AIF,0.715082003,0.044573584,3464.040519,5,FALSE
backdoor,AIF,0.639011905,0.031082388,3471.219759,1,FALSE
backdoor,AIF,0.601443674,0.027741075,3461.732358,4,FALSE
backdoor,AIF,0.620131306,0.028887246,3479.315126,3,FALSE
backdoor,AIF,0.629811085,0.030117834,3486.799637,9,FALSE
backdoor,AIF,0.678026517,0.036517457,3446.182232,0,FALSE
campaign,AIF,0.713461911,0.287203154,708.8593459,7,FALSE
campaign,AIF,0.714623961,0.303664211,705.6198857,3,FALSE
campaign,AIF,0.719150533,0.3016744,698.6349647,5,FALSE
campaign,AIF,0.722740026,0.297042638,700.2502933,9,FALSE
campaign,AIF,0.724277677,0.276989292,700.335381,8,FALSE
campaign,AIF,0.714245266,0.29271929,707.3157954,6,FALSE
campaign,AIF,0.710638717,0.298570688,695.6764879,0,FALSE
campaign,AIF,0.713211709,0.274065321,688.3383982,1,FALSE
campaign,AIF,0.705166086,0.284324325,707.457829,4,FALSE
campaign,AIF,0.710490742,0.286702426,692.1962779,2,FALSE
celeba,AIF,0.792768207,0.101166839,2957.984137,3,FALSE
celeba,AIF,0.787016491,0.098244792,2944.881632,8,FALSE
celeba,AIF,0.788111789,0.097964767,2967.423228,7,FALSE
celeba,AIF,0.783262795,0.096694421,2990.330758,9,FALSE
celeba,AIF,0.795648934,0.098917124,2965.307074,6,FALSE
celeba,AIF,0.785890039,0.101887233,2958.273086,5,FALSE
celeba,AIF,0.784630526,0.092400498,2923.973772,1,FALSE
celeba,AIF,0.80017524,0.106601109,2914.048119,0,FALSE
celeba,AIF,0.788056651,0.101332241,2942.508702,4,FALSE
celeba,AIF,0.797394357,0.100393717,2962.229981,2,FALSE
census,AIF,0.642549519,0.082924736,15166.1497,2,FALSE
census,AIF,0.652716093,0.08654558,15121.40646,0,FALSE
census,AIF,0.653356005,0.086556593,15146.12115,5,FALSE
census,AIF,0.663084836,0.0883927,15128.00113,3,FALSE
census,AIF,0.648061303,0.083723398,15093.18903,6,FALSE
census,AIF,0.663611398,0.089665544,15099.13557,9,FALSE
census,AIF,0.645969454,0.083414632,15276.70011,4,FALSE
census,AIF,0.649698004,0.085281428,15010.82638,8,FALSE
census,AIF,0.656545377,0.085623497,15180.12503,7,FALSE
census,AIF,0.65359062,0.085444524,15088.13077,1,FALSE
cover,AIF,0.877428115,0.048208374,2144.19367,5,FALSE
cover,AIF,0.873001076,0.04880459,2140.487155,4,FALSE
cover,AIF,0.883841184,0.044868415,2131.700324,9,FALSE
cover,AIF,0.874163292,0.047092716,2154.543706,7,FALSE
cover,AIF,0.892805558,0.05263278,2131.253257,3,FALSE
cover,AIF,0.897968485,0.048688259,2144.603179,2,FALSE
cover,AIF,0.876007107,0.040988468,2129.120822,8,FALSE
cover,AIF,0.886180202,0.046545541,2127.656584,6,FALSE
cover,AIF,0.858568271,0.046562433,2151.39686,1,FALSE
cover,AIF,0.878880933,0.055574504,2131.256026,0,FALSE
donors,AIF,0.723879392,0.12102307,3656.090777,5,FALSE
donors,AIF,0.719641604,0.119241433,3601.918538,6,FALSE
donors,AIF,0.711528721,0.115605291,3644.28172,7,FALSE
donors,AIF,0.711330209,0.115274433,3637.535631,1,FALSE
donors,AIF,0.723732668,0.120242988,3652.589471,9,FALSE
donors,AIF,0.71467738,0.118035209,3640.967055,2,FALSE
donors,AIF,0.707056354,0.11421385,3606.97825,4,FALSE
donors,AIF,0.71541114,0.118774848,3660.360171,3,FALSE
donors,AIF,0.716885883,0.119007201,3660.573799,8,FALSE
donors,AIF,0.734022251,0.124951279,3635.097708,0,FALSE
fraud,AIF,0.943905542,0.121086347,1911.755914,7,FALSE
fraud,AIF,0.942470464,0.106249255,1891.355185,0,FALSE
fraud,AIF,0.943526496,0.11422158,1896.927837,9,FALSE
fraud,AIF,0.945078522,0.112914975,1892.998359,3,FALSE
fraud,AIF,0.944658918,0.119836989,1909.10626,6,FALSE
fraud,AIF,0.940898299,0.117176834,1907.600007,2,FALSE
fraud,AIF,0.946099204,0.106669414,1895.372205,5,FALSE
fraud,AIF,0.946488808,0.130691185,1901.290948,8,FALSE
fraud,AIF,0.94114186,0.126323219,1880.657172,1,FALSE
fraud,AIF,0.940695223,0.138524513,1908.93436,4,FALSE
http,AIF,0.965426523,0.055802797,2199.265281,6,FALSE
http,AIF,0.942035659,0.033573963,2217.916957,9,FALSE
http,AIF,0.94592581,0.036308038,2201.034401,7,FALSE
http,AIF,0.922234631,0.024759853,2228.508087,2,FALSE
http,AIF,0.937968065,0.031272122,2201.091566,0,FALSE
http,AIF,0.964575306,0.054753833,2242.35352,1,FALSE
http,AIF,0.936873362,0.030777637,2229.389422,5,FALSE
http,AIF,0.945272235,0.035287251,2229.491637,8,FALSE
http,AIF,0.944701559,0.034779867,2206.535038,3,FALSE
http,AIF,0.945081019,0.035177125,2231.676663,4,FALSE
mammography,AIF,0.86953218,0.265781488,47.70106149,6,FALSE
mammography,AIF,0.869964929,0.259255603,47.07583165,5,FALSE
mammography,AIF,0.864851865,0.206057757,47.54982448,3,FALSE
mammography,AIF,0.862086353,0.271210343,47.16663575,0,FALSE
mammography,AIF,0.873714252,0.274309834,47.56286693,1,FALSE
mammography,AIF,0.868312101,0.217777532,45.65888214,2,FALSE
mammography,AIF,0.858318016,0.187326187,48.06956196,4,FALSE
mammography,AIF,0.879430489,0.343531125,46.92483401,7,FALSE
mammography,AIF,0.857152515,0.230355048,47.11661482,9,FALSE
mammography,AIF,0.873371643,0.250271375,47.50650787,8,FALSE
mulcross,AIF,0.964785257,0.557545214,1135.407701,8,FALSE
mulcross,AIF,0.968607647,0.586132479,1147.944279,0,FALSE
mulcross,AIF,0.967999288,0.579840722,1158.408,5,FALSE
mulcross,AIF,0.968395482,0.589327588,1136.929987,4,FALSE
mulcross,AIF,0.974745222,0.644508036,1160.947277,6,FALSE
mulcross,AIF,0.97158569,0.610493938,1157.392698,9,FALSE
mulcross,AIF,0.968899699,0.594490392,1143.274877,2,FALSE
mulcross,AIF,0.969121685,0.588887199,1137.915833,3,FALSE
mulcross,AIF,0.971535664,0.608671331,1142.613611,7,FALSE
mulcross,AIF,0.971852987,0.614565439,1142.631504,1,FALSE
nyc taxi,AIF,0.603057001,0.088304406,56.71162248,2,FALSE
nyc taxi,AIF,0.608316025,0.087547056,56.95318413,6,FALSE
nyc taxi,AIF,0.591065618,0.082926246,57.04795218,5,FALSE
nyc taxi,AIF,0.611418582,0.095829815,57.73699093,0,FALSE
nyc taxi,AIF,0.610487081,0.094315406,57.15995336,1,FALSE
nyc taxi,AIF,0.60447418,0.09316522,56.79890323,3,FALSE
nyc taxi,AIF,0.604543589,0.093464553,57.19860721,4,FALSE
nyc taxi,AIF,0.615471994,0.093161368,57.33512378,8,FALSE
nyc taxi,AIF,0.605593888,0.083746053,56.60975766,7,FALSE
nyc taxi,AIF,0.610236233,0.093725179,58.08497334,9,FALSE
nyc taxi shingle,AIF,0.659202415,0.207656294,209.10798,7,FALSE
nyc taxi shingle,AIF,0.653522626,0.17756368,210.7187016,5,FALSE
nyc taxi shingle,AIF,0.660405895,0.204251324,210.1366909,9,FALSE
nyc taxi shingle,AIF,0.658943555,0.186709321,213.5831537,8,FALSE
nyc taxi shingle,AIF,0.664566628,0.189744814,210.8890734,6,FALSE
nyc taxi shingle,AIF,0.64089653,0.151175842,209.1093285,0,FALSE
nyc taxi shingle,AIF,0.652170843,0.172554225,209.0418994,1,FALSE
nyc taxi shingle,AIF,0.655408992,0.163990353,211.2876956,2,FALSE
nyc taxi shingle,AIF,0.645412502,0.172642516,205.7189667,3,FALSE
nyc taxi shingle,AIF,0.648635322,0.189983605,212.1715732,4,FALSE
shuttle,AIF,0.997784932,0.977557148,260.0024788,3,FALSE
shuttle,AIF,0.997039733,0.967599762,261.1666603,2,FALSE
shuttle,AIF,0.99650344,0.953147323,258.5148473,1,FALSE
shuttle,AIF,0.997437752,0.966830636,258.2589962,0,FALSE
shuttle,AIF,0.997088529,0.962342182,259.9380612,8,FALSE
shuttle,AIF,0.996372289,0.953377844,263.0852683,4,FALSE
shuttle,AIF,0.99699218,0.965046836,260.6693249,5,FALSE
shuttle,AIF,0.996643413,0.958827847,260.5789149,9,FALSE
shuttle,AIF,0.996586206,0.96228026,257.2399948,7,FALSE
shuttle,AIF,0.996880129,0.958384386,259.1391416,6,FALSE
smtp,AIF,0.877694847,0.001898155,372.6250536,3,FALSE
smtp,AIF,0.876516235,0.001832026,371.5804915,2,FALSE
smtp,AIF,0.885482588,0.001675429,374.3663931,7,FALSE
smtp,AIF,0.889789507,0.002005396,375.5630674,0,FALSE
smtp,AIF,0.896872219,0.001991495,372.7711961,6,FALSE
smtp,AIF,0.886731633,0.001943276,370.3287861,8,FALSE
smtp,AIF,0.880810889,0.001749049,369.9113476,1,FALSE
smtp,AIF,0.884831346,0.001936331,372.6045938,5,FALSE
smtp,AIF,0.895402238,0.001848514,376.9366677,9,FALSE
smtp,AIF,0.885032658,0.00174628,379.2433062,4,FALSE
insects,AIF,0.75647362,0.116428841,1797.825365,4,FALSE
insects,AIF,0.74875854,0.109230826,1852.40326,9,FALSE
insects,AIF,0.770377419,0.124828357,1898.868816,2,FALSE
insects,AIF,0.758576394,0.114821522,1908.104326,0,FALSE
insects,AIF,0.747169681,0.110396513,2008.955109,1,FALSE
insects,AIF,0.763749919,0.118997601,1807.04011,3,FALSE
insects,AIF,0.753975716,0.111925898,1773.600903,6,FALSE
insects,AIF,0.770831232,0.124065101,1965.976132,8,FALSE
insects,AIF,0.750359916,0.113413712,1824.281818,7,FALSE
insects,AIF,0.744529069,0.108214884,1863.677578,5,FALSE
Tuesday-WorkingHours,AIF,0.643271958,0.042700831,4966.1502,7,FALSE
Tuesday-WorkingHours,AIF,0.635166238,0.041274003,4980.9449,9,FALSE
Tuesday-WorkingHours,AIF,0.603714057,0.037809841,4898.683026,0,FALSE
Tuesday-WorkingHours,AIF,0.634372373,0.040748781,4900.820141,1,FALSE
Tuesday-WorkingHours,AIF,0.631901884,0.041487988,4968.515339,4,FALSE
Tuesday-WorkingHours,AIF,0.631295949,0.040009527,4914.235428,2,FALSE
Tuesday-WorkingHours,AIF,0.639476416,0.042303694,4947.328949,6,FALSE
Tuesday-WorkingHours,AIF,0.644106945,0.041715466,4857.672877,5,FALSE
Tuesday-WorkingHours,AIF,0.6498002,0.043234688,4867.633158,8,FALSE
Tuesday-WorkingHours,AIF,0.63871263,0.041450573,4962.228343,3,FALSE
Thursday-WorkingHours-Morning-WebAttacks,AIF,0.611266477,0.01600558,2078.0101,2,FALSE
Thursday-WorkingHours-Morning-WebAttacks,AIF,0.609422619,0.015894567,2066.256279,3,FALSE
Thursday-WorkingHours-Morning-WebAttacks,AIF,0.571663269,0.014088451,2104.667812,9,FALSE
Thursday-WorkingHours-Morning-WebAttacks,AIF,0.65295276,0.017909796,2062.955001,6,FALSE
Thursday-WorkingHours-Morning-WebAttacks,AIF,0.622006793,0.016461179,2087.449045,1,FALSE
Thursday-WorkingHours-Morning-WebAttacks,AIF,0.624769587,0.016489138,2074.9518,5,FALSE
Thursday-WorkingHours-Morning-WebAttacks,AIF,0.62919349,0.016734905,2076.271534,7,FALSE
Thursday-WorkingHours-Morning-WebAttacks,AIF,0.605746659,0.015910218,2071.010619,4,FALSE
Thursday-WorkingHours-Morning-WebAttacks,AIF,0.628748869,0.016496377,2091.750908,8,FALSE
Thursday-WorkingHours-Morning-WebAttacks,AIF,0.610899191,0.015488646,2081.246235,0,FALSE
Thursday-WorkingHours-Afternoon-Infilteration,AIF,0.910820565,0.012245062,3459.800736,9,FALSE
Thursday-WorkingHours-Afternoon-Infilteration,AIF,0.921268348,0.009124778,3483.061401,1,FALSE
Thursday-WorkingHours-Afternoon-Infilteration,AIF,0.911399241,0.009276106,3469.278642,7,FALSE
Thursday-WorkingHours-Afternoon-Infilteration,AIF,0.904475011,0.006777938,3478.914959,6,FALSE
Thursday-WorkingHours-Afternoon-Infilteration,AIF,0.913683669,0.008295088,3466.061486,8,FALSE
Thursday-WorkingHours-Afternoon-Infilteration,AIF,0.918010717,0.006530642,3462.115315,3,FALSE
Thursday-WorkingHours-Afternoon-Infilteration,AIF,0.916579117,0.007682718,3460.622397,5,FALSE
Thursday-WorkingHours-Afternoon-Infilteration,AIF,0.920832862,0.009273982,3455.583828,2,FALSE
Thursday-WorkingHours-Afternoon-Infilteration,AIF,0.916599476,0.014726467,3473.805513,0,FALSE
Thursday-WorkingHours-Afternoon-Infilteration,AIF,0.91320164,0.0063352,3457.801781,4,FALSE
Friday-WorkingHours-Morning,AIF,0.510995124,0.009736297,2324.007427,9,FALSE
Friday-WorkingHours-Morning,AIF,0.560601584,0.01079528,2322.500859,4,FALSE
Friday-WorkingHours-Morning,AIF,0.545077556,0.010569091,2319.013807,2,FALSE
Friday-WorkingHours-Morning,AIF,0.562299165,0.010792184,2349.326476,5,FALSE
Friday-WorkingHours-Morning,AIF,0.529346136,0.010041109,2303.317082,0,FALSE
Friday-WorkingHours-Morning,AIF,0.523655733,0.009958778,2329.944329,8,FALSE
Friday-WorkingHours-Morning,AIF,0.53082643,0.010272815,2302.769993,3,FALSE
Friday-WorkingHours-Morning,AIF,0.550032,0.010596918,2313.225612,6,FALSE
Friday-WorkingHours-Morning,AIF,0.55227582,0.010657856,2321.349866,1,FALSE
Friday-WorkingHours-Morning,AIF,0.55245432,0.010627166,2313.201383,7,FALSE
backdoor,IFASD,0.607326535,0.02851693,283.6339118,2,FALSE
backdoor,IFASD,0.618704112,0.029408172,278.0297184,1,FALSE
backdoor,IFASD,0.622604124,0.029889228,286.4551172,3,FALSE
backdoor,IFASD,0.593810217,0.027406391,283.3961418,7,FALSE
backdoor,IFASD,0.61319922,0.029060423,280.5901151,4,FALSE
backdoor,IFASD,0.633888699,0.030995375,284.3952639,6,FALSE
backdoor,IFASD,0.618139686,0.029375314,285.8033926,9,FALSE
backdoor,IFASD,0.624225864,0.02969309,279.6386216,5,FALSE
backdoor,IFASD,0.611432594,0.028815481,284.4276671,0,FALSE
backdoor,IFASD,0.601135272,0.027980382,286.1670351,8,FALSE
campaign,IFASD,0.693757978,0.203569449,112.1528826,3,FALSE
campaign,IFASD,0.698434767,0.202021487,111.4659956,9,FALSE
campaign,IFASD,0.681208221,0.189869138,111.7364368,2,FALSE
campaign,IFASD,0.693575935,0.198901637,111.2026544,8,FALSE
campaign,IFASD,0.702239821,0.201819762,113.7874732,4,FALSE
campaign,IFASD,0.679273652,0.189895502,113.7804368,1,FALSE
campaign,IFASD,0.694376104,0.198063743,110.2183888,0,FALSE
campaign,IFASD,0.700956309,0.201539332,111.9633536,7,FALSE
campaign,IFASD,0.685647255,0.197006931,111.7185092,5,FALSE
campaign,IFASD,0.70548205,0.205342664,112.0731387,6,FALSE
celeba,IFASD,0.678259219,0.047950364,584.1367042,4,FALSE
celeba,IFASD,0.682696487,0.047548319,583.9887686,0,FALSE
celeba,IFASD,0.70070815,0.053624922,584.6406143,2,FALSE
celeba,IFASD,0.705016215,0.054783566,577.7934389,9,FALSE
celeba,IFASD,0.69283964,0.050911731,576.6275752,6,FALSE
celeba,IFASD,0.682203322,0.049384509,582.5721006,5,FALSE
celeba,IFASD,0.68415406,0.049179789,583.3773768,1,FALSE
celeba,IFASD,0.694611296,0.05334309,586.6411703,8,FALSE
celeba,IFASD,0.697228976,0.053480511,584.2336411,3,FALSE
celeba,IFASD,0.695327571,0.051528702,574.3258173,7,FALSE
cover,IFASD,0.681002654,0.23913678,817.8353977,4,FALSE
cover,IFASD,0.664366456,0.236778383,820.0949228,9,FALSE
cover,IFASD,0.670978747,0.235940628,813.7469597,7,FALSE
cover,IFASD,0.669536013,0.235058408,819.3582613,1,FALSE
cover,IFASD,0.635545659,0.232023063,821.4850249,3,FALSE
cover,IFASD,0.659979915,0.234284823,819.1499591,5,FALSE
cover,IFASD,0.655708804,0.237359815,812.6690044,2,FALSE
cover,IFASD,0.668972089,0.235914999,808.7556467,0,FALSE
cover,IFASD,0.662008017,0.23634388,817.6112375,6,FALSE
cover,IFASD,0.679874803,0.237777149,826.8888733,8,FALSE
donors,IFASD,0.772387982,0.116182016,1802.837791,0,FALSE
donors,IFASD,0.774288335,0.118515187,1803.760486,5,FALSE
donors,IFASD,0.760193514,0.111673586,1803.384556,2,FALSE
donors,IFASD,0.774099814,0.119658747,1798.50798,6,FALSE
donors,IFASD,0.78789714,0.129817296,1801.959796,8,FALSE
donors,IFASD,0.778916275,0.123243896,1816.728366,3,FALSE
donors,IFASD,0.783148763,0.123878954,1811.128187,1,FALSE
donors,IFASD,0.766432083,0.114364607,1799.429114,4,FALSE
donors,IFASD,0.75985899,0.110880851,1785.691128,9,FALSE
donors,IFASD,0.763441409,0.113364431,1809.5355,7,FALSE
fraud,IFASD,0.943371699,0.040067657,821.5961218,5,FALSE
fraud,IFASD,0.945748168,0.041681675,822.13606,9,FALSE
fraud,IFASD,0.944135466,0.041940268,820.3208625,1,FALSE
fraud,IFASD,0.94109926,0.037235706,812.8012512,2,FALSE
fraud,IFASD,0.943702064,0.037609638,821.661099,0,FALSE
fraud,IFASD,0.938234073,0.035486197,822.9491236,4,FALSE
fraud,IFASD,0.940087858,0.037955728,823.4797266,7,FALSE
fraud,IFASD,0.940482445,0.035368895,822.590836,8,FALSE
fraud,IFASD,0.939607235,0.034682636,813.5927649,6,FALSE
fraud,IFASD,0.945523523,0.041309188,816.3254151,3,FALSE
http,IFASD,0.948654927,0.049120095,1645.322215,6,FALSE
http,IFASD,0.959255398,0.060469908,1643.538936,3,FALSE
http,IFASD,0.955439664,0.055785446,1638.051114,1,FALSE
http,IFASD,0.949707992,0.050579647,1649.953336,5,FALSE
http,IFASD,0.939368221,0.041430365,1647.224795,9,FALSE
http,IFASD,0.938028712,0.04179288,1647.68589,4,FALSE
http,IFASD,0.950053279,0.050143292,1650.19088,8,FALSE
http,IFASD,0.955872096,0.05565397,1651.774522,0,FALSE
http,IFASD,0.950288128,0.049973475,1629.537428,7,FALSE
http,IFASD,0.951342853,0.050976349,1648.683228,2,FALSE
mammography,IFASD,0.720674617,0.038635179,24.80641556,0,FALSE
mammography,IFASD,0.724726407,0.039418752,25.01443648,5,FALSE
mammography,IFASD,0.720163698,0.038603909,24.95480442,9,FALSE
mammography,IFASD,0.716043599,0.037927949,27.03881049,6,FALSE
mammography,IFASD,0.72045525,0.038654114,25.62025571,4,FALSE
mammography,IFASD,0.717981641,0.0383215,26.10689783,8,FALSE
mammography,IFASD,0.718998549,0.038442589,25.37885356,1,FALSE
mammography,IFASD,0.733965204,0.040675783,25.2560668,7,FALSE
mammography,IFASD,0.717301002,0.038072542,25.76164365,2,FALSE
mammography,IFASD,0.72188871,0.038838941,25.38866901,3,FALSE
mulcross,IFASD,0.961459748,0.544842601,752.459362,3,FALSE
mulcross,IFASD,0.94745703,0.468919536,738.1997626,2,FALSE
mulcross,IFASD,0.942356978,0.445661061,755.917676,7,FALSE
mulcross,IFASD,0.952369904,0.492641728,750.7817519,1,FALSE
mulcross,IFASD,0.961512154,0.545156491,756.6305614,5,FALSE
mulcross,IFASD,0.952080426,0.496676686,750.4766371,4,FALSE
mulcross,IFASD,0.938456473,0.431637823,750.0247035,8,FALSE
mulcross,IFASD,0.957532719,0.52065365,751.163152,0,FALSE
mulcross,IFASD,0.950715142,0.485509974,747.5621541,6,FALSE
mulcross,IFASD,0.955404313,0.509964533,740.7753518,9,FALSE
nyc taxi,IFASD,0.637659261,0.072852694,23.08309293,6,FALSE
nyc taxi,IFASD,0.639647353,0.073263513,22.35006785,2,FALSE
nyc taxi,IFASD,0.634091336,0.07220594,22.03239751,5,FALSE
nyc taxi,IFASD,0.635868529,0.072439056,22.84996295,9,FALSE
nyc taxi,IFASD,0.633380649,0.07231494,21.21612287,7,FALSE
nyc taxi,IFASD,0.634143774,0.072053624,23.10506153,1,FALSE
nyc taxi,IFASD,0.620573511,0.069978772,24.03559208,3,FALSE
nyc taxi,IFASD,0.639005981,0.072773637,22.96898723,8,FALSE
nyc taxi,IFASD,0.635869578,0.071958897,23.48861432,4,FALSE
nyc taxi,IFASD,0.632394516,0.071534182,23.3349328,0,FALSE
nyc taxi shingle,IFASD,0.723836623,0.090075863,22.95170736,2,FALSE
nyc taxi shingle,IFASD,0.715175822,0.088130137,24.56996751,9,FALSE
nyc taxi shingle,IFASD,0.706331845,0.088399469,23.45225716,4,FALSE
nyc taxi shingle,IFASD,0.705992893,0.087802054,23.31092572,1,FALSE
nyc taxi shingle,IFASD,0.693154497,0.08422465,21.98416448,3,FALSE
nyc taxi shingle,IFASD,0.700921454,0.086152272,23.60210872,6,FALSE
nyc taxi shingle,IFASD,0.707473627,0.086991483,20.77742815,0,FALSE
nyc taxi shingle,IFASD,0.716961785,0.087888351,21.62313342,8,FALSE
nyc taxi shingle,IFASD,0.696847136,0.085709784,23.48818016,7,FALSE
nyc taxi shingle,IFASD,0.709417666,0.08694542,23.06748295,5,FALSE
shuttle,IFASD,0.955859263,0.42561332,133.7524595,8,FALSE
shuttle,IFASD,0.956554054,0.427499568,134.3879032,1,FALSE
shuttle,IFASD,0.956409626,0.425760755,134.0567317,4,FALSE
shuttle,IFASD,0.956628767,0.427430856,129.7951686,0,FALSE
shuttle,IFASD,0.95600091,0.426066726,132.0597637,7,FALSE
shuttle,IFASD,0.957184072,0.428890684,135.0485046,3,FALSE
shuttle,IFASD,0.956548174,0.426815478,135.3331032,5,FALSE
shuttle,IFASD,0.95593177,0.425155183,132.0073862,2,FALSE
shuttle,IFASD,0.956394506,0.426954046,135.5033972,6,FALSE
shuttle,IFASD,0.956317225,0.426716504,131.8131115,9,FALSE
smtp,IFASD,0.880701561,0.002023802,263.6896346,6,FALSE
smtp,IFASD,0.890794841,0.002216059,267.7699304,4,FALSE
smtp,IFASD,0.887978751,0.001852552,262.5573275,8,FALSE
smtp,IFASD,0.888811857,0.002000103,266.3360851,1,FALSE
smtp,IFASD,0.891743232,0.001887783,262.6776955,5,FALSE
smtp,IFASD,0.896269334,0.002023873,267.4170272,7,FALSE
smtp,IFASD,0.884146465,0.001970508,265.1331308,2,FALSE
smtp,IFASD,0.89044145,0.001793094,267.481288,3,FALSE
smtp,IFASD,0.882043115,0.001869127,263.9916017,0,FALSE
smtp,IFASD,0.892981589,0.002025922,263.4060938,9,FALSE
census,IFASD,0.577969278,0.067254026,534.3532848,4,FALSE
census,IFASD,0.591365001,0.070038745,526.6159194,1,FALSE
census,IFASD,0.600377844,0.071292201,528.7796912,2,FALSE
census,IFASD,0.5950545,0.070142326,532.1036842,0,FALSE
census,IFASD,0.601916519,0.071675106,529.594487,3,FALSE
census,IFASD,0.577969278,0.067254026,518.9458363,9,FALSE
census,IFASD,0.591365001,0.070038745,517.4391129,6,FALSE
census,IFASD,0.600377844,0.071292201,516.9840896,7,FALSE
census,IFASD,0.5950545,0.070142326,517.8009138,5,FALSE
census,IFASD,0.601916519,0.071675106,518.903569,8,FALSE
insects,IFASD,0.733382733,0.102527065,395.0037334,9,FALSE
insects,IFASD,0.724686024,0.096770083,469.7033467,2,FALSE
insects,IFASD,0.704815708,0.090137364,513.2521462,4,FALSE
insects,IFASD,0.725066718,0.096924031,402.7832236,3,FALSE
insects,IFASD,0.735300184,0.100992328,428.9047723,0,FALSE
insects,IFASD,0.74342233,0.105639794,408.6083384,6,FALSE
insects,IFASD,0.733470298,0.097654005,357.4409287,8,FALSE
insects,IFASD,0.705266353,0.092277652,404.3214631,7,FALSE
insects,IFASD,0.706664675,0.091406679,504.141921,1,FALSE
insects,IFASD,0.704971395,0.090852478,512.3536787,5,FALSE
Tuesday-WorkingHours,IFASD,0.391823383,0.031555268,946.7414515,6,FALSE
Tuesday-WorkingHours,IFASD,0.386599616,0.030751284,942.477154,9,FALSE
Tuesday-WorkingHours,IFASD,0.375574081,0.031671811,893.4779401,7,FALSE
Tuesday-WorkingHours,IFASD,0.394800749,0.032502058,944.9142759,0,FALSE
Tuesday-WorkingHours,IFASD,0.403956475,0.032658904,939.5023322,4,FALSE
Tuesday-WorkingHours,IFASD,0.396781019,0.03270437,778.3155253,3,FALSE
Tuesday-WorkingHours,IFASD,0.381984381,0.031150585,904.1990712,1,FALSE
Tuesday-WorkingHours,IFASD,0.38850855,0.031149577,810.8861754,8,FALSE
Tuesday-WorkingHours,IFASD,0.391982526,0.03136249,749.3671882,2,FALSE
Tuesday-WorkingHours,IFASD,0.404399186,0.031862388,843.073184,5,FALSE
Thursday-WorkingHours-Morning-WebAttacks,IFASD,0.608986879,0.015004264,338.6200392,3,FALSE
Thursday-WorkingHours-Morning-WebAttacks,IFASD,0.608306159,0.014843259,290.4330084,9,FALSE
Thursday-WorkingHours-Morning-WebAttacks,IFASD,0.649842213,0.016647553,289.9422052,4,FALSE
Thursday-WorkingHours-Morning-WebAttacks,IFASD,0.631696161,0.015754796,328.916544,1,FALSE
Thursday-WorkingHours-Morning-WebAttacks,IFASD,0.615728917,0.015095593,347.2722917,8,FALSE
Thursday-WorkingHours-Morning-WebAttacks,IFASD,0.610658181,0.014974227,331.5688317,2,FALSE
Thursday-WorkingHours-Morning-WebAttacks,IFASD,0.607127273,0.014763679,309.0919473,0,FALSE
Thursday-WorkingHours-Morning-WebAttacks,IFASD,0.598066782,0.014562637,268.629396,5,FALSE
Thursday-WorkingHours-Morning-WebAttacks,IFASD,0.593940197,0.014395296,345.4229674,6,FALSE
Thursday-WorkingHours-Morning-WebAttacks,IFASD,0.651736824,0.016902651,287.4883337,7,FALSE
Thursday-WorkingHours-Afternoon-Infilteration,IFASD,0.914308406,0.001470929,611.3062029,2,FALSE
Thursday-WorkingHours-Afternoon-Infilteration,IFASD,0.916321136,0.001789999,534.5877323,1,FALSE
Thursday-WorkingHours-Afternoon-Infilteration,IFASD,0.91209935,0.001555744,570.8223038,6,FALSE
Thursday-WorkingHours-Afternoon-Infilteration,IFASD,0.912280611,0.001581771,646.4645214,8,FALSE
Thursday-WorkingHours-Afternoon-Infilteration,IFASD,0.914440332,0.001575455,643.0698357,4,FALSE
Thursday-WorkingHours-Afternoon-Infilteration,IFASD,0.909656668,0.001523691,508.3566105,5,FALSE
Thursday-WorkingHours-Afternoon-Infilteration,IFASD,0.91128031,0.001625771,668.0692143,7,FALSE
Thursday-WorkingHours-Afternoon-Infilteration,IFASD,0.913750282,0.001650485,467.4937081,9,FALSE
Thursday-WorkingHours-Afternoon-Infilteration,IFASD,0.910962743,0.001657538,531.6428082,3,FALSE
Thursday-WorkingHours-Afternoon-Infilteration,IFASD,0.919547194,0.001680384,614.7527759,0,FALSE
Friday-WorkingHours-Morning,IFASD,0.592337287,0.011445438,377.634141,5,FALSE
Friday-WorkingHours-Morning,IFASD,0.615395022,0.012081505,436.5056043,9,FALSE
Friday-WorkingHours-Morning,IFASD,0.593157864,0.011541368,399.0667155,7,FALSE
Friday-WorkingHours-Morning,IFASD,0.577682175,0.011052254,388.9542305,1,FALSE
Friday-WorkingHours-Morning,IFASD,0.602764535,0.011810825,378.58043,6,FALSE
Friday-WorkingHours-Morning,IFASD,0.580810638,0.011119365,361.3537416,8,FALSE
Friday-WorkingHours-Morning,IFASD,0.609300802,0.011977835,393.0592346,3,FALSE
Friday-WorkingHours-Morning,IFASD,0.580996127,0.011088905,401.8870785,2,FALSE
Friday-WorkingHours-Morning,IFASD,0.613347588,0.012092862,422.3783607,0,FALSE
Friday-WorkingHours-Morning,IFASD,0.612296346,0.01212238,348.0759284,4,FALSE
backdoor,LODA,0.145493592,0.013619473,1502.34934,4,FALSE
backdoor,LODA,0.13711523,0.013708558,1502.110897,3,FALSE
backdoor,LODA,0.207972405,0.014408012,1486.270022,6,FALSE
backdoor,LODA,0.220417589,0.014758601,1497.875684,7,FALSE
backdoor,LODA,0.327780339,0.016601134,1479.581527,5,FALSE
backdoor,LODA,0.27494791,0.015607986,1494.086827,8,FALSE
backdoor,LODA,0.17809532,0.014114246,1494.369588,1,FALSE
backdoor,LODA,0.159537286,0.013904334,1494.88226,9,FALSE
backdoor,LODA,0.237662772,0.014849158,1482.297203,0,FALSE
backdoor,LODA,0.154896208,0.013951849,1497.496747,2,FALSE
campaign,LODA,0.623433776,0.182709582,624.9297822,9,FALSE
campaign,LODA,0.628607086,0.167941166,631.6260226,7,FALSE
campaign,LODA,0.635752617,0.217313884,629.3242695,6,FALSE
campaign,LODA,0.624190873,0.17290131,635.3539124,5,FALSE
campaign,LODA,0.627211027,0.178666399,631.7869,1,FALSE
campaign,LODA,0.595613365,0.184661812,636.1848793,0,FALSE
campaign,LODA,0.662422,0.18618764,638.1618416,8,FALSE
campaign,LODA,0.642004056,0.213776409,632.3446975,3,FALSE
campaign,LODA,0.612006052,0.155006349,638.1250381,4,FALSE
campaign,LODA,0.582420491,0.145685318,639.3861907,2,FALSE
celeba,LODA,0.672471432,0.04788136,3197.991046,7,FALSE
celeba,LODA,0.765867295,0.068232149,3177.712533,2,FALSE
celeba,LODA,0.640548797,0.033427397,3189.822981,0,FALSE
celeba,LODA,0.34300727,0.01542595,3182.609185,3,FALSE
celeba,LODA,0.461707924,0.019983629,3169.216329,6,FALSE
celeba,LODA,0.728824229,0.050021702,3191.875479,1,FALSE
celeba,LODA,0.408141953,0.017432323,3184.892044,8,FALSE
celeba,LODA,0.624499518,0.036281315,3206.602728,4,FALSE
celeba,LODA,0.681048857,0.039676708,3188.745394,9,FALSE
celeba,LODA,0.452166053,0.018725301,3210.837025,5,FALSE
census,LODA,0.327819618,0.04333358,4857.241597,7,FALSE
census,LODA,0.692327981,0.099779087,4847.294403,2,FALSE
census,LODA,0.517484991,0.065095588,4839.785818,1,FALSE
census,LODA,0.68652118,0.133056825,4824.236582,9,FALSE
census,LODA,0.665596914,0.094926635,4833.519359,0,FALSE
census,LODA,0.448768305,0.052356026,4841.215014,8,FALSE
census,LODA,0.408367631,0.048534999,4872.397327,3,FALSE
census,LODA,0.4312653,0.051550605,4814.723016,6,FALSE
census,LODA,0.342814346,0.042970245,4867.38238,5,FALSE
census,LODA,0.594210958,0.082148656,4825.253759,4,FALSE
cover,LODA,0.512374659,0.010136341,4512.000704,1,FALSE
cover,LODA,0.517480135,0.010365858,4470.626611,6,FALSE
cover,LODA,0.521342056,0.010552521,4475.685207,3,FALSE
cover,LODA,0.526385749,0.010791075,4474.058783,9,FALSE
cover,LODA,0.496783249,0.009678611,4494.868336,4,FALSE
cover,LODA,0.515128303,0.010292267,4499.404551,8,FALSE
cover,LODA,0.53859388,0.011516523,4486.822297,5,FALSE
cover,LODA,0.512777078,0.009892251,4494.146505,2,FALSE
cover,LODA,0.518996438,0.010490557,4499.803588,0,FALSE
cover,LODA,0.506759129,0.01018628,4509.116293,7,FALSE
donors,LODA,0.151636993,0.033116305,9546.557487,4,FALSE
donors,LODA,0.301143695,0.039061873,9547.685408,9,FALSE
donors,LODA,0.486905517,0.054131467,9568.733505,0,FALSE
donors,LODA,0.46750273,0.050764244,9586.611081,6,FALSE
donors,LODA,0.384358066,0.044257035,9532.160085,2,FALSE
donors,LODA,0.389702393,0.045357873,9559.263301,1,FALSE
donors,LODA,0.065101943,0.031127052,9521.757006,8,FALSE
donors,LODA,0.19266,0.03480424,9580.263288,7,FALSE
donors,LODA,0.606063607,0.070676118,9529.028069,5,FALSE
donors,LODA,0.292852742,0.039636178,9553.793815,3,FALSE
fraud,LODA,0.692642132,0.006168134,4406.808263,7,FALSE
fraud,LODA,0.606652822,0.002758139,4414.220033,3,FALSE
fraud,LODA,0.545257236,0.00211319,4355.299323,4,FALSE
fraud,LODA,0.492787607,0.001711701,4405.534621,8,FALSE
fraud,LODA,0.557747454,0.002530558,4400.910868,2,FALSE
fraud,LODA,0.64281028,0.006413918,4396.039277,5,FALSE
fraud,LODA,0.471919572,0.001640702,4388.190174,1,FALSE
fraud,LODA,0.488503197,0.003840836,4384.193007,9,FALSE
fraud,LODA,0.560446224,0.002243648,4401.375376,0,FALSE
fraud,LODA,0.560886128,0.002937872,4397.656442,6,FALSE
http,LODA,0.344183215,0.005715954,8721.453081,5,FALSE
http,LODA,0.157615841,0.004410947,8712.165633,2,FALSE
http,LODA,0.512838042,0.00755632,8724.105726,7,FALSE
http,LODA,0.202257089,0.004644089,8723.840253,8,FALSE
http,LODA,0.599474711,0.008861968,8719.734401,6,FALSE
http,LODA,0.18494883,0.004574224,8721.658918,0,FALSE
http,LODA,0.157242568,0.004434687,8742.145476,4,FALSE
http,LODA,0.171862626,0.004465262,8671.140878,3,FALSE
http,LODA,0.514731771,0.007309752,8671.822417,1,FALSE
http,LODA,0.056785982,0.003898023,8688.118757,9,FALSE
mammography,LODA,0.202940866,0.013374479,169.6218178,5,FALSE
mammography,LODA,0.141819661,0.012620457,170.9759915,4,FALSE
mammography,LODA,0.388394284,0.017241008,171.5730336,2,FALSE
mammography,LODA,0.207015014,0.013373546,168.2689106,3,FALSE
mammography,LODA,0.196846457,0.013279195,171.4867222,1,FALSE
mammography,LODA,0.345659476,0.016209669,169.1040354,0,FALSE
mammography,LODA,0.203586645,0.013376946,171.7038131,9,FALSE
mammography,LODA,0.338156431,0.016111542,168.0094995,8,FALSE
mammography,LODA,0.36563761,0.016692802,176.2189977,6,FALSE
mammography,LODA,0.24438482,0.014019867,167.9834788,7,FALSE
mulcross,LODA,0.017699778,0.05264174,4018.495949,1,FALSE
mulcross,LODA,0.03127886,0.052827398,4044.928517,9,FALSE
mulcross,LODA,0.021802269,0.052578571,4024.909274,0,FALSE
mulcross,LODA,0.039966925,0.053190879,4052.508413,7,FALSE
mulcross,LODA,0.017911328,0.052473985,4012.850869,2,FALSE
mulcross,LODA,0.027781688,0.052716726,4020.034565,8,FALSE
mulcross,LODA,0.03863017,0.053019081,4058.724308,3,FALSE
mulcross,LODA,0.013917643,0.052466581,4034.902104,5,FALSE
mulcross,LODA,0.024226146,0.052712308,4035.863212,6,FALSE
mulcross,LODA,0.016852715,0.052437153,4028.351325,4,FALSE
nyc taxi,LODA,0.509909092,0.084519757,155.5510068,9,FALSE
nyc taxi,LODA,0.512025897,0.070537447,157.0508766,0,FALSE
nyc taxi,LODA,0.513524975,0.07719318,150.206064,5,FALSE
nyc taxi,LODA,0.513994826,0.076271894,151.6062319,1,FALSE
nyc taxi,LODA,0.526357856,0.081303617,152.3161032,8,FALSE
nyc taxi,LODA,0.510173478,0.074414508,159.4143414,4,FALSE
nyc taxi,LODA,0.562947063,0.081216838,155.7653427,2,FALSE
nyc taxi,LODA,0.512338813,0.073443027,157.5339141,6,FALSE
nyc taxi,LODA,0.514318801,0.07615839,155.9452808,3,FALSE
nyc taxi,LODA,0.521805419,0.07721937,156.5025272,7,FALSE
nyc taxi shingle,LODA,0.499589196,0.052175606,157.1148705,3,FALSE
nyc taxi shingle,LODA,0.499794598,0.052175606,155.3510091,8,FALSE
nyc taxi shingle,LODA,0.50248983,0.054837558,158.015599,9,FALSE
nyc taxi shingle,LODA,0.499743247,0.052175606,151.6219318,0,FALSE
nyc taxi shingle,LODA,0.499537845,0.052175606,158.1631362,4,FALSE
nyc taxi shingle,LODA,0.499640546,0.052175606,155.6891365,7,FALSE
nyc taxi shingle,LODA,0.500521457,0.052311472,158.7669191,5,FALSE
nyc taxi shingle,LODA,0.500469819,0.052264831,158.4747977,1,FALSE
nyc taxi shingle,LODA,0.500418756,0.05228556,157.9314625,2,FALSE
nyc taxi shingle,LODA,0.499640546,0.052175606,154.8830459,6,FALSE
shuttle,LODA,0.487293893,0.068686264,766.9841003,0,FALSE
shuttle,LODA,0.591683447,0.111107749,758.6440976,1,FALSE
shuttle,LODA,0.430064536,0.063999353,773.0778437,6,FALSE
shuttle,LODA,0.472241524,0.06614798,758.9818137,5,FALSE
shuttle,LODA,0.429268188,0.060876784,766.8910067,8,FALSE
shuttle,LODA,0.523971396,0.081451167,753.465832,2,FALSE
shuttle,LODA,0.478257836,0.070970034,774.3476837,4,FALSE
shuttle,LODA,0.428347712,0.061690855,774.5013447,7,FALSE
shuttle,LODA,0.4057595,0.05763578,772.0311098,9,FALSE
shuttle,LODA,0.452217266,0.063271151,762.008183,3,FALSE
smtp,LODA,0.685779738,0.012468512,1467.536049,4,FALSE
smtp,LODA,0.56460484,0.000495306,1466.947404,7,FALSE
smtp,LODA,0.704351246,0.00147679,1469.62528,8,FALSE
smtp,LODA,0.621004948,0.000724008,1467.285965,6,FALSE
smtp,LODA,0.695800132,0.086338161,1457.49098,3,FALSE
smtp,LODA,0.61432416,0.000563425,1472.435092,2,FALSE
smtp,LODA,0.700828025,0.036999958,1465.961384,5,FALSE
smtp,LODA,0.704231405,0.127220599,1449.292019,1,FALSE
smtp,LODA,0.674532375,0.000755041,1444.606941,0,FALSE
smtp,LODA,0.622365424,0.000566883,1461.230172,9,FALSE
insects,LODA,0.485406229,0.050684975,3283.612649,3,FALSE
insects,LODA,0.509029301,0.05279368,3273.604888,6,FALSE
insects,LODA,0.3749912,0.040807582,3303.33292,7,FALSE
insects,LODA,0.45575096,0.047027078,3299.125893,5,FALSE
insects,LODA,0.379675583,0.041089035,3296.722761,0,FALSE
insects,LODA,0.46270378,0.047738136,3278.989764,1,FALSE
insects,LODA,0.459563409,0.047997689,3287.64329,4,FALSE
insects,LODA,0.435564891,0.045520538,3280.665012,2,FALSE
insects,LODA,0.453082895,0.047053401,3299.44723,8,FALSE
insects,LODA,0.459945432,0.047913559,3263.76083,9,FALSE
Tuesday-WorkingHours,LODA,0.529597855,0.032962125,6885.956434,0,FALSE
Tuesday-WorkingHours,LODA,0.578668899,0.039317156,6922.102198,5,FALSE
Tuesday-WorkingHours,LODA,0.589199934,0.043465085,6841.437607,9,FALSE
Tuesday-WorkingHours,LODA,0.524681394,0.034930734,6939.582865,3,FALSE
Tuesday-WorkingHours,LODA,0.482791493,0.031982464,6913.244246,4,FALSE
Tuesday-WorkingHours,LODA,0.521293561,0.044821709,6894.276772,6,FALSE
Tuesday-WorkingHours,LODA,0.561889458,0.045469726,6919.572359,7,FALSE
Tuesday-WorkingHours,LODA,0.558083603,0.03855587,6924.665118,1,FALSE
Tuesday-WorkingHours,LODA,0.474720796,0.031256422,6888.311087,2,FALSE
Tuesday-WorkingHours,LODA,0.524903778,0.041409543,6909.056834,8,FALSE
Thursday-WorkingHours-Morning-WebAttacks,LODA,0.792620954,0.035721236,2609.293571,5,FALSE
Thursday-WorkingHours-Morning-WebAttacks,LODA,0.869450796,0.096652084,2636.559619,6,FALSE
Thursday-WorkingHours-Morning-WebAttacks,LODA,0.766854872,0.03393141,2633.486729,1,FALSE
Thursday-WorkingHours-Morning-WebAttacks,LODA,0.758997457,0.033744739,2639.668622,2,FALSE
Thursday-WorkingHours-Morning-WebAttacks,LODA,0.894872427,0.122672281,2623.972928,0,FALSE
Thursday-WorkingHours-Morning-WebAttacks,LODA,0.876054795,0.090344517,2629.984639,9,FALSE
Thursday-WorkingHours-Morning-WebAttacks,LODA,0.842780405,0.071638446,2620.909583,7,FALSE
Thursday-WorkingHours-Morning-WebAttacks,LODA,0.914902651,0.190021455,2630.629653,3,FALSE
Thursday-WorkingHours-Morning-WebAttacks,LODA,0.879740793,0.08279361,2624.830808,4,FALSE
Thursday-WorkingHours-Morning-WebAttacks,LODA,0.831504715,0.056802661,2641.448616,8,FALSE
Thursday-WorkingHours-Afternoon-Infilteration,LODA,0.327880123,0.000116099,4447.427276,6,FALSE
Thursday-WorkingHours-Afternoon-Infilteration,LODA,0.30790573,0.000111557,4422.578016,2,FALSE
Thursday-WorkingHours-Afternoon-Infilteration,LODA,0.319036152,0.000116225,4468.365216,5,FALSE
Thursday-WorkingHours-Afternoon-Infilteration,LODA,0.272462462,0.000118891,4449.485963,7,FALSE
Thursday-WorkingHours-Afternoon-Infilteration,LODA,0.296215645,0.000117113,4468.749302,3,FALSE
Thursday-WorkingHours-Afternoon-Infilteration,LODA,0.260829315,0.000111222,4461.891352,4,FALSE
Thursday-WorkingHours-Afternoon-Infilteration,LODA,0.386924915,0.000114561,4434.663296,9,FALSE
Thursday-WorkingHours-Afternoon-Infilteration,LODA,0.31897878,0.000116018,4470.388094,0,FALSE
Thursday-WorkingHours-Afternoon-Infilteration,LODA,0.307408733,0.000116665,4459.701536,8,FALSE
Thursday-WorkingHours-Afternoon-Infilteration,LODA,0.277320199,0.00013697,4481.975554,1,FALSE
Friday-WorkingHours-Morning,LODA,0.530429947,0.013572554,2942.073854,1,FALSE
Friday-WorkingHours-Morning,LODA,0.55530095,0.015159777,2937.416707,8,FALSE
Friday-WorkingHours-Morning,LODA,0.552203922,0.017206919,2961.124757,0,FALSE
Friday-WorkingHours-Morning,LODA,0.498120782,0.011157618,2964.524919,2,FALSE
Friday-WorkingHours-Morning,LODA,0.643828896,0.016821276,2947.851383,9,FALSE
Friday-WorkingHours-Morning,LODA,0.358246171,0.009401378,2956.228944,3,FALSE
Friday-WorkingHours-Morning,LODA,0.569114915,0.014722332,2951.168391,7,FALSE
Friday-WorkingHours-Morning,LODA,0.556944033,0.017024418,2945.668464,6,FALSE
Friday-WorkingHours-Morning,LODA,0.541863012,0.014443857,2951.719019,5,FALSE
Friday-WorkingHours-Morning,LODA,0.469924478,0.012142143,2942.019814,4,FALSE
backdoor,xStream,0.785090795,0.070090317,125.0819018,8,FALSE
backdoor,xStream,0.792609699,0.074554182,122.2754939,7,FALSE
backdoor,xStream,0.768253425,0.058611086,101.2182229,4,FALSE
backdoor,xStream,0.781995374,0.081226171,96.59345579,3,FALSE
backdoor,xStream,0.681191776,0.038344308,120.8174746,2,FALSE
backdoor,xStream,0.75153712,0.057944727,120.6712191,1,FALSE
backdoor,xStream,0.780102836,0.064673037,97.94089103,5,FALSE
backdoor,xStream,0.799966754,0.076466517,101.9860604,9,FALSE
backdoor,xStream,0.788743353,0.075584542,123.1093373,0,FALSE
backdoor,xStream,0.758428016,0.055094683,106.8275104,6,FALSE
campaign,xStream,0.635603831,0.17907376,35.55753279,8,FALSE
campaign,xStream,0.660339659,0.213655978,34.32295942,5,FALSE
campaign,xStream,0.64385177,0.22211347,39.0914948,6,FALSE
campaign,xStream,0.625680282,0.179278779,31.53293228,3,FALSE
campaign,xStream,0.62935685,0.17707338,31.25323081,2,FALSE
campaign,xStream,0.627442136,0.166246822,38.91768861,0,FALSE
campaign,xStream,0.663645409,0.234104303,41.64208579,4,FALSE
campaign,xStream,0.630935381,0.166776323,41.57239771,1,FALSE
campaign,xStream,0.626472343,0.19267655,39.09529781,7,FALSE
campaign,xStream,0.653972286,0.197014733,41.55695534,9,FALSE
celeba,xStream,0.656919316,0.04635147,186.9134419,3,FALSE
celeba,xStream,0.711895411,0.046770371,137.8095305,8,FALSE
celeba,xStream,0.703156397,0.044947589,182.0988228,9,FALSE
celeba,xStream,0.718534743,0.048867847,187.6264405,6,FALSE
celeba,xStream,0.615382643,0.029751233,179.9542329,7,FALSE
celeba,xStream,0.673920444,0.041357666,140.9499094,0,FALSE
celeba,xStream,0.655565922,0.042852149,134.9745109,1,FALSE
celeba,xStream,0.647946441,0.03333487,139.353689,4,FALSE
celeba,xStream,0.717189285,0.043844137,144.6557937,5,FALSE
celeba,xStream,0.632428857,0.035317162,186.8158498,2,FALSE
census,xStream,0.604649674,0.073412856,557.1542878,9,FALSE
census,xStream,0.601267103,0.072321843,495.1401694,1,FALSE
census,xStream,0.593561105,0.071332095,498.9407237,5,FALSE
census,xStream,0.576679156,0.069153523,555.1232285,6,FALSE
census,xStream,0.589070174,0.071292574,559.2776875,4,FALSE
census,xStream,0.577019299,0.068366676,606.4880371,0,FALSE
census,xStream,0.602750455,0.072368607,509.7486551,3,FALSE
census,xStream,0.576167386,0.068301004,553.118259,2,FALSE
census,xStream,0.586084712,0.070049636,594.2727776,7,FALSE
census,xStream,0.608278127,0.072934624,515.7631152,8,FALSE
cover,xStream,0.598481642,0.038303166,177.0492377,2,FALSE
cover,xStream,0.521140769,0.01387602,174.0279598,1,FALSE
cover,xStream,0.593231474,0.028532959,239.9176271,3,FALSE
cover,xStream,0.601731317,0.028927326,176.6981447,0,FALSE
cover,xStream,0.550426238,0.020936663,175.7648864,8,FALSE
cover,xStream,0.612447759,0.062276997,236.9458487,9,FALSE
cover,xStream,0.565904243,0.021948294,178.5986931,7,FALSE
cover,xStream,0.630813073,0.05911777,238.4131229,4,FALSE
cover,xStream,0.580420151,0.028238227,176.5140326,5,FALSE
cover,xStream,0.61604495,0.031761743,177.4876513,6,FALSE
donors,xStream,0.72739523,0.098267828,464.8385148,4,FALSE
donors,xStream,0.765280598,0.117997581,441.7072861,8,FALSE
donors,xStream,0.771056262,0.11650265,475.4283922,3,FALSE
donors,xStream,0.6988202,0.095751095,435.7593069,1,FALSE
donors,xStream,0.821139066,0.14296948,413.6176569,0,FALSE
donors,xStream,0.767705961,0.115514245,509.6006563,5,FALSE
donors,xStream,0.771917473,0.118169343,410.4960525,7,FALSE
donors,xStream,0.724168723,0.09791331,497.9966865,6,FALSE
donors,xStream,0.756188023,0.108332738,413.7746758,2,FALSE
donors,xStream,0.831481197,0.158699326,409.7495737,9,FALSE
fraud,xStream,0.948655791,0.330111841,193.1433129,0,FALSE
fraud,xStream,0.951617902,0.277309992,195.2217615,2,FALSE
fraud,xStream,0.955159563,0.253067318,199.9956007,8,FALSE
fraud,xStream,0.953418103,0.341175386,195.420486,4,FALSE
fraud,xStream,0.950842976,0.385352763,261.0930479,5,FALSE
fraud,xStream,0.942283908,0.267015614,264.2152696,3,FALSE
fraud,xStream,0.944639062,0.293421998,262.0544112,1,FALSE
fraud,xStream,0.951429834,0.271303896,194.6050367,9,FALSE
fraud,xStream,0.949248147,0.337893667,263.3210537,7,FALSE
fraud,xStream,0.945547514,0.277582342,199.932837,6,FALSE
http,xStream,0.301298549,0.018085538,332.6611738,2,FALSE
http,xStream,0.31780297,0.034463796,332.9479506,9,FALSE
http,xStream,0.299435893,0.041269623,349.0617597,0,FALSE
http,xStream,0.316952565,0.028700057,351.3334758,5,FALSE
http,xStream,0.340136798,0.043277399,347.4621739,8,FALSE
http,xStream,0.307573097,0.029673902,345.5754876,4,FALSE
http,xStream,0.332814961,0.036730214,331.691046,7,FALSE
http,xStream,0.330054972,0.052618402,348.545913,3,FALSE
http,xStream,0.323530729,0.032827899,393.3943558,6,FALSE
http,xStream,0.332490815,0.033719101,332.2564847,1,FALSE
mammography,xStream,0.87705512,0.212050742,7.247338057,2,FALSE
mammography,xStream,0.858930873,0.161866586,7.17665863,7,FALSE
mammography,xStream,0.877226952,0.207086088,9.52468586,6,FALSE
mammography,xStream,0.879340347,0.329900914,9.378297806,9,FALSE
mammography,xStream,0.878711646,0.328754843,6.957912207,8,FALSE
mammography,xStream,0.873262664,0.230368922,6.87640214,5,FALSE
mammography,xStream,0.877454595,0.250562283,9.534875393,4,FALSE
mammography,xStream,0.881553567,0.297863003,7.026921749,1,FALSE
mammography,xStream,0.876970789,0.279463493,7.004911184,3,FALSE
mammography,xStream,0.884500067,0.282360554,9.493011951,0,FALSE
mulcross,xStream,0.941957236,0.446626315,172.2984171,5,FALSE
mulcross,xStream,0.961210329,0.546804042,169.6654367,6,FALSE
mulcross,xStream,0.937075144,0.426320021,168.9472826,0,FALSE
mulcross,xStream,0.955001448,0.531048714,229.1248436,8,FALSE
mulcross,xStream,0.946142891,0.464061477,163.6249292,9,FALSE
mulcross,xStream,0.947964123,0.47113084,167.0324376,2,FALSE
mulcross,xStream,0.968371094,0.59461347,226.7325413,4,FALSE
mulcross,xStream,0.943961342,0.453456307,224.1910889,3,FALSE
mulcross,xStream,0.940584864,0.440638147,222.585603,7,FALSE
mulcross,xStream,0.950194763,0.486020203,173.2824907,1,FALSE
nyc taxi,xStream,0.403910378,0.051297575,13.15487313,2,FALSE
nyc taxi,xStream,0.408249056,0.053723623,11.7825551,3,FALSE
nyc taxi,xStream,0.409282575,0.051607848,14.66894889,9,FALSE
nyc taxi,xStream,0.405732669,0.061497822,12.21733189,0,FALSE
nyc taxi,xStream,0.400508731,0.051740185,11.72472191,6,FALSE
nyc taxi,xStream,0.410439276,0.051795754,11.8265667,1,FALSE
nyc taxi,xStream,0.420039552,0.051298178,11.40422869,5,FALSE
nyc taxi,xStream,0.40439882,0.053134946,14.80378985,8,FALSE
nyc taxi,xStream,0.399258117,0.048677751,12.87142086,7,FALSE
nyc taxi,xStream,0.419009943,0.054751802,13.01284099,4,FALSE
nyc taxi shingle,xStream,0.492650936,0.08097617,9.557855844,4,FALSE
nyc taxi shingle,xStream,0.52472173,0.080506566,6.949002266,0,FALSE
nyc taxi shingle,xStream,0.547212012,0.13151481,6.872047186,6,FALSE
nyc taxi shingle,xStream,0.532364143,0.082895505,7.147464514,1,FALSE
nyc taxi shingle,xStream,0.566334907,0.135174866,7.022986174,2,FALSE
nyc taxi shingle,xStream,0.547258093,0.130575954,9.381603003,9,FALSE
nyc taxi shingle,xStream,0.486932922,0.060885263,9.528223991,3,FALSE
nyc taxi shingle,xStream,0.496796149,0.058606464,7.222091913,7,FALSE
nyc taxi shingle,xStream,0.493488543,0.064233411,6.982885599,8,FALSE
nyc taxi shingle,xStream,0.564618401,0.138442951,9.638337851,5,FALSE
shuttle,xStream,0.989676481,0.861434,39.48281407,7,FALSE
shuttle,xStream,0.990415942,0.86877044,29.11842704,6,FALSE
shuttle,xStream,0.989278917,0.85073292,39.58291817,8,FALSE
shuttle,xStream,0.988915649,0.852548146,29.23255825,9,FALSE
shuttle,xStream,0.990955846,0.884770144,39.67930794,3,FALSE
shuttle,xStream,0.990014198,0.865702381,39.44973731,2,FALSE
shuttle,xStream,0.985400642,0.805530676,29.43098426,0,FALSE
shuttle,xStream,0.989463129,0.869819275,39.54111791,1,FALSE
shuttle,xStream,0.988198243,0.835801438,29.40883589,4,FALSE
shuttle,xStream,0.98899163,0.843626901,30.19881654,5,FALSE
smtp,xStream,0.812086251,0.019804609,70.60628176,3,FALSE
smtp,xStream,0.821414054,0.015818507,56.01512551,9,FALSE
smtp,xStream,0.819051574,0.017867573,71.21595955,1,FALSE
smtp,xStream,0.811561508,0.01492825,56.42453146,6,FALSE
smtp,xStream,0.811446923,0.018041047,56.63410735,8,FALSE
smtp,xStream,0.820493521,0.01232894,56.2212348,4,FALSE
smtp,xStream,0.815032693,0.015321116,57.53622389,5,FALSE
smtp,xStream,0.819888008,0.018169523,70.95489502,7,FALSE
smtp,xStream,0.810796733,0.017913045,57.0536015,2,FALSE
smtp,xStream,0.819441408,0.015798119,71.21214628,0,FALSE
insects,xStream,0.765159179,0.128423385,221.042891,6,FALSE
insects,xStream,0.734985771,0.121973476,213.7624514,4,FALSE
insects,xStream,0.758320562,0.111883533,223.814363,7,FALSE
insects,xStream,0.752194593,0.113028959,222.3527668,0,FALSE
insects,xStream,0.734586905,0.108702623,219.2495601,8,FALSE
insects,xStream,0.771777727,0.131364738,173.0208194,2,FALSE
insects,xStream,0.748995092,0.111982715,198.656601,1,FALSE
insects,xStream,0.748951053,0.111645599,202.9382727,9,FALSE
insects,xStream,0.740744721,0.112483282,222.9761262,5,FALSE
insects,xStream,0.764864948,0.124811136,223.1946533,3,FALSE
Tuesday-WorkingHours,xStream,0.648846524,0.042222692,412.6966233,2,FALSE
Tuesday-WorkingHours,xStream,0.671648991,0.045721584,459.6586475,8,FALSE
Tuesday-WorkingHours,xStream,0.679971594,0.047220821,420.418026,0,FALSE
Tuesday-WorkingHours,xStream,0.666735683,0.044988968,408.4780557,3,FALSE
Tuesday-WorkingHours,xStream,0.666640943,0.044704852,428.3057098,6,FALSE
Tuesday-WorkingHours,xStream,0.660788179,0.043785682,402.2872777,1,FALSE
Tuesday-WorkingHours,xStream,0.671405139,0.045321521,436.723032,9,FALSE
Tuesday-WorkingHours,xStream,0.673967613,0.045869277,380.0598021,5,FALSE
Tuesday-WorkingHours,xStream,0.664587407,0.044610203,452.8625982,4,FALSE
Tuesday-WorkingHours,xStream,0.653562166,0.043084857,441.8300271,7,FALSE
Thursday-WorkingHours-Morning-WebAttacks,xStream,0.769977468,0.027484885,186.2320559,9,FALSE
Thursday-WorkingHours-Morning-WebAttacks,xStream,0.751807904,0.025336806,172.4690135,5,FALSE
Thursday-WorkingHours-Morning-WebAttacks,xStream,0.755325519,0.025938317,169.1418748,4,FALSE
Thursday-WorkingHours-Morning-WebAttacks,xStream,0.727552853,0.02271059,155.5918138,0,FALSE
Thursday-WorkingHours-Morning-WebAttacks,xStream,0.650604088,0.017203632,172.3466072,3,FALSE
Thursday-WorkingHours-Morning-WebAttacks,xStream,0.728084385,0.022614736,180.6497447,7,FALSE
Thursday-WorkingHours-Morning-WebAttacks,xStream,0.737013924,0.023596241,184.3994012,2,FALSE
Thursday-WorkingHours-Morning-WebAttacks,xStream,0.718160697,0.021656245,180.2762043,6,FALSE
Thursday-WorkingHours-Morning-WebAttacks,xStream,0.73349553,0.023041363,178.1785409,1,FALSE
Thursday-WorkingHours-Morning-WebAttacks,xStream,0.694693723,0.019774357,185.1506677,8,FALSE
Thursday-WorkingHours-Afternoon-Infilteration,xStream,0.941654499,0.00195407,226.5009296,6,FALSE
Thursday-WorkingHours-Afternoon-Infilteration,xStream,0.939286564,0.00208496,308.8512456,8,FALSE
Thursday-WorkingHours-Afternoon-Infilteration,xStream,0.946209927,0.001934537,216.7855282,7,FALSE
Thursday-WorkingHours-Afternoon-Infilteration,xStream,0.937860258,0.001784047,295.2861812,4,FALSE
Thursday-WorkingHours-Afternoon-Infilteration,xStream,0.93952818,0.001910964,280.6058643,9,FALSE
Thursday-WorkingHours-Afternoon-Infilteration,xStream,0.940977637,0.002114575,299.493906,2,FALSE
Thursday-WorkingHours-Afternoon-Infilteration,xStream,0.942350999,0.002043838,216.7264946,0,FALSE
Thursday-WorkingHours-Afternoon-Infilteration,xStream,0.942206895,0.002135742,211.8880568,5,FALSE
Thursday-WorkingHours-Afternoon-Infilteration,xStream,0.940958818,0.002017486,198.1987875,1,FALSE
Thursday-WorkingHours-Afternoon-Infilteration,xStream,0.941403353,0.001856107,289.292136,3,FALSE
Friday-WorkingHours-Morning,xStream,0.313546182,0.006789688,210.6384189,3,FALSE
Friday-WorkingHours-Morning,xStream,0.259973025,0.006283753,212.240973,2,FALSE
Friday-WorkingHours-Morning,xStream,0.388129461,0.007575604,207.5225255,6,FALSE
Friday-WorkingHours-Morning,xStream,0.337330501,0.007006451,209.0328064,9,FALSE
Friday-WorkingHours-Morning,xStream,0.294026819,0.006604256,200.609355,8,FALSE
Friday-WorkingHours-Morning,xStream,0.25795758,0.006308625,206.6248834,4,FALSE
Friday-WorkingHours-Morning,xStream,0.346184914,0.007110407,167.7941203,0,FALSE
Friday-WorkingHours-Morning,xStream,0.278106527,0.006463673,206.4769628,1,FALSE
Friday-WorkingHours-Morning,xStream,0.348904141,0.00714619,206.2520771,5,FALSE
Friday-WorkingHours-Morning,xStream,0.291194023,0.006576209,204.8170631,7,FALSE
backdoor,RSH,0.569829642,0.043005702,32.05486917,4,FALSE
backdoor,RSH,0.612186152,0.048455333,28.36695004,6,FALSE
backdoor,RSH,0.605583859,0.046024819,29.09906936,8,FALSE
backdoor,RSH,0.513646066,0.038285147,28.68443203,0,FALSE
backdoor,RSH,0.586741183,0.045189843,27.68589091,2,FALSE
backdoor,RSH,0.706297239,0.059769119,32.0637536,1,FALSE
backdoor,RSH,0.583305886,0.045843831,29.49408174,9,FALSE
backdoor,RSH,0.59980009,0.045387857,28.4855988,5,FALSE
backdoor,RSH,0.678662013,0.057476649,29.14373446,3,FALSE
backdoor,RSH,0.654871222,0.058221681,32.68160343,7,FALSE
campaign,RSH,0.721745158,0.285336906,3.765062094,6,FALSE
campaign,RSH,0.707455671,0.257208324,3.723114491,2,FALSE
campaign,RSH,0.719746287,0.284117473,4.800071478,8,FALSE
campaign,RSH,0.742359375,0.307457489,4.739632368,4,FALSE
campaign,RSH,0.716262854,0.30593799,4.800059557,0,FALSE
campaign,RSH,0.714428392,0.285412602,3.614543676,1,FALSE
campaign,RSH,0.692812287,0.248092123,3.802437067,3,FALSE
campaign,RSH,0.714320575,0.296955516,3.701910973,5,FALSE
campaign,RSH,0.720552955,0.289263089,4.98055768,7,FALSE
campaign,RSH,0.728808867,0.299735035,3.667994738,9,FALSE
celeba,RSH,0.697728854,0.054276254,13.09653521,3,FALSE
celeba,RSH,0.709751628,0.063407994,17.56210947,5,FALSE
celeba,RSH,0.747148147,0.075599721,13.09362888,7,FALSE
celeba,RSH,0.726076253,0.062673679,18.28371668,9,FALSE
celeba,RSH,0.750315857,0.07634074,19.0622468,4,FALSE
celeba,RSH,0.734276155,0.070348801,15.09996843,0,FALSE
celeba,RSH,0.696240089,0.058383091,17.55666733,1,FALSE
celeba,RSH,0.724852661,0.059547068,17.2998569,8,FALSE
celeba,RSH,0.73240864,0.070969802,12.91908908,6,FALSE
celeba,RSH,0.755380927,0.086237688,17.30393672,2,FALSE
census,RSH,0.597564596,0.071488663,199.266551,4,FALSE
census,RSH,0.601475739,0.072723062,202.3900106,0,FALSE
census,RSH,0.62434951,0.076499635,190.7755327,8,FALSE
census,RSH,0.635559971,0.083167608,194.3374205,2,FALSE
census,RSH,0.571816403,0.067943053,201.750973,7,FALSE
census,RSH,0.540812556,0.062907972,186.4403212,9,FALSE
census,RSH,0.542611962,0.064307131,213.6982515,1,FALSE
census,RSH,0.633790691,0.085086736,223.1736972,3,FALSE
census,RSH,0.614060831,0.073620459,212.8233938,6,FALSE
census,RSH,0.63890609,0.080132578,212.1223264,5,FALSE
cover,RSH,0.399764881,0.007862572,22.85804367,7,FALSE
cover,RSH,0.402295994,0.007794417,18.26101756,4,FALSE
cover,RSH,0.381115522,0.007860903,22.3136003,3,FALSE
cover,RSH,0.29750081,0.006503257,21.62946224,8,FALSE
cover,RSH,0.491818658,0.009391669,22.9824574,9,FALSE
cover,RSH,0.420887648,0.008152476,18.3364563,5,FALSE
cover,RSH,0.368220569,0.007419974,22.44938231,6,FALSE
cover,RSH,0.527709082,0.010434912,17.49429822,2,FALSE
cover,RSH,0.420492228,0.008115993,21.58683372,1,FALSE
cover,RSH,0.474278672,0.009062309,17.70533895,0,FALSE
donors,RSH,0.773850913,0.113873713,26.10049844,2,FALSE
donors,RSH,0.722183133,0.09444852,28.5007937,0,FALSE
donors,RSH,0.716817486,0.091451802,28.42825127,1,FALSE
donors,RSH,0.752181371,0.103985094,21.24142694,3,FALSE
donors,RSH,0.770519874,0.114203141,28.0019722,7,FALSE
donors,RSH,0.734123153,0.098109018,21.53423309,4,FALSE
donors,RSH,0.749998908,0.106243208,23.18016243,6,FALSE
donors,RSH,0.733770038,0.099495063,28.43450546,5,FALSE
donors,RSH,0.749868968,0.103625024,23.57188225,9,FALSE
donors,RSH,0.74775078,0.10471866,20.34982848,8,FALSE
fraud,RSH,0.944395994,0.192309578,17.61780262,6,FALSE
fraud,RSH,0.945226732,0.194097424,14.89060831,3,FALSE
fraud,RSH,0.948711487,0.199034751,14.20223999,4,FALSE
fraud,RSH,0.952541682,0.263906427,16.32947111,2,FALSE
fraud,RSH,0.952602361,0.185767606,16.13060617,7,FALSE
fraud,RSH,0.951521465,0.302820121,14.68194604,5,FALSE
fraud,RSH,0.957301832,0.251539347,14.76637793,1,FALSE
fraud,RSH,0.950164759,0.211754426,19.78901958,8,FALSE
fraud,RSH,0.958549975,0.266821526,21.27743673,9,FALSE
fraud,RSH,0.951163208,0.247890839,19.90496492,0,FALSE
http,RSH,0.073300391,0.002274764,20.10728407,8,FALSE
http,RSH,0.075245286,0.002385323,19.99482346,6,FALSE
http,RSH,0.074025304,0.002293708,14.44117451,7,FALSE
http,RSH,0.077086515,0.002300447,16.38518977,3,FALSE
http,RSH,0.074252041,0.002308417,18.99939179,1,FALSE
http,RSH,0.071215181,0.002311164,14.09657598,9,FALSE
http,RSH,0.072256178,0.002332509,14.62377477,2,FALSE
http,RSH,0.076044474,0.002307462,19.41609216,5,FALSE
http,RSH,0.073485775,0.002300633,14.14872861,4,FALSE
http,RSH,0.081242913,0.002303688,21.08281684,0,FALSE
mammography,RSH,0.846857372,0.1316037,0.609819174,4,FALSE
mammography,RSH,0.842140966,0.131372439,0.612074375,9,FALSE
mammography,RSH,0.841849238,0.134222934,0.614476442,2,FALSE
mammography,RSH,0.834615209,0.107573373,0.620654345,7,FALSE
mammography,RSH,0.831434024,0.106956668,0.447668314,8,FALSE
mammography,RSH,0.851985225,0.165005252,0.451351643,3,FALSE
mammography,RSH,0.837252375,0.115355815,0.575320959,1,FALSE
mammography,RSH,0.834946197,0.124484124,0.426308393,5,FALSE
mammography,RSH,0.83881559,0.113568153,0.57291007,6,FALSE
mammography,RSH,0.842708047,0.125374348,0.429175138,0,FALSE
mulcross,RSH,0.148453459,0.056663311,10.58337402,2,FALSE
mulcross,RSH,0.157614924,0.057345479,10.97737384,5,FALSE
mulcross,RSH,0.176168558,0.0583532,13.6667757,6,FALSE
mulcross,RSH,0.233343039,0.061873301,14.01713872,0,FALSE
mulcross,RSH,0.188177649,0.058952617,13.93820095,4,FALSE
mulcross,RSH,0.193305871,0.059048243,13.91724706,3,FALSE
mulcross,RSH,0.175337597,0.058153228,12.97191405,8,FALSE
mulcross,RSH,0.141449804,0.056259121,13.45935869,9,FALSE
mulcross,RSH,0.19207705,0.059031829,13.85009885,7,FALSE
mulcross,RSH,0.186467202,0.058726552,14.17177773,1,FALSE
nyc taxi,RSH,0.491217099,0.050980695,0.65788269,4,FALSE
nyc taxi,RSH,0.499277109,0.0518235,0.68297267,6,FALSE
nyc taxi,RSH,0.493433824,0.051268328,0.656078815,5,FALSE
nyc taxi,RSH,0.497423165,0.051802831,0.670498133,7,FALSE
nyc taxi,RSH,0.490759262,0.050947634,0.65659523,1,FALSE
nyc taxi,RSH,0.496490806,0.051622527,0.644200563,9,FALSE
nyc taxi,RSH,0.519187014,0.054227807,0.535266876,2,FALSE
nyc taxi,RSH,0.489407203,0.051052288,0.670796394,3,FALSE
nyc taxi,RSH,0.484574362,0.05026001,0.65732336,0,FALSE
nyc taxi,RSH,0.487562507,0.050650507,0.592442274,8,FALSE
nyc taxi shingle,RSH,0.5,0.052175606,1.352283716,5,FALSE
nyc taxi shingle,RSH,0.500102701,0.052185766,1.362408876,8,FALSE
nyc taxi shingle,RSH,0.5,0.052175606,1.363021374,0,FALSE
nyc taxi shingle,RSH,0.5,0.052175606,1.001627922,3,FALSE
nyc taxi shingle,RSH,0.500051351,0.052180685,1.287411928,9,FALSE
nyc taxi shingle,RSH,0.500051351,0.052180685,1.288457155,1,FALSE
nyc taxi shingle,RSH,0.500102701,0.052185766,1.100790501,4,FALSE
nyc taxi shingle,RSH,0.5,0.052175606,1.352696896,6,FALSE
nyc taxi shingle,RSH,0.500051351,0.052180685,1.059100628,2,FALSE
nyc taxi shingle,RSH,0.500051351,0.052180685,1.359636784,7,FALSE
shuttle,RSH,0.881222468,0.539566052,3.51700449,7,FALSE
shuttle,RSH,0.866585969,0.454303459,3.064287186,9,FALSE
shuttle,RSH,0.888202983,0.632347724,3.479012966,1,FALSE
shuttle,RSH,0.89862657,0.609711584,3.509354591,2,FALSE
shuttle,RSH,0.829840945,0.402257763,2.7789042,5,FALSE
shuttle,RSH,0.898421609,0.589574417,2.708094835,3,FALSE
shuttle,RSH,0.909980164,0.58751862,3.498121262,0,FALSE
shuttle,RSH,0.845317381,0.408019345,3.623779297,8,FALSE
shuttle,RSH,0.811217224,0.284555994,3.614983082,6,FALSE
shuttle,RSH,0.910542557,0.666978693,3.466760159,4,FALSE
smtp,RSH,0.833307052,0.017150199,3.405284882,3,FALSE
smtp,RSH,0.834163986,0.007603468,3.399319887,6,FALSE
smtp,RSH,0.830967524,0.015443372,3.708151102,7,FALSE
smtp,RSH,0.835578075,0.011197111,3.285018206,0,FALSE
smtp,RSH,0.835100638,0.016433021,3.71022296,5,FALSE
smtp,RSH,0.840463876,0.016889996,2.343097687,2,FALSE
smtp,RSH,0.833325099,0.016393998,3.718143225,9,FALSE
smtp,RSH,0.835690908,0.013654605,3.290300846,8,FALSE
smtp,RSH,0.835856653,0.013590033,2.563237906,4,FALSE
smtp,RSH,0.834146115,0.015189026,2.439707756,1,FALSE
insects,RSH,0.691115446,0.089007524,16.86163163,7,FALSE
insects,RSH,0.763578553,0.122291288,13.48315501,0,FALSE
insects,RSH,0.714383415,0.10181793,18.80210471,4,FALSE
insects,RSH,0.745078649,0.109973901,17.01293278,5,FALSE
insects,RSH,0.753564391,0.11484126,13.05189872,2,FALSE
insects,RSH,0.726636747,0.099755556,17.08167672,3,FALSE
insects,RSH,0.698111722,0.09221631,17.64277864,9,FALSE
insects,RSH,0.725911474,0.105042829,18.76297903,1,FALSE
insects,RSH,0.767165554,0.125067438,17.65113068,6,FALSE
insects,RSH,0.776432597,0.134231,17.22740006,8,FALSE
Tuesday-WorkingHours,RSH,0.320139429,0.020829996,75.2648046,9,FALSE
Tuesday-WorkingHours,RSH,0.350447893,0.021528022,79.74137592,0,FALSE
Tuesday-WorkingHours,RSH,0.335517082,0.020945495,73.61282921,8,FALSE
Tuesday-WorkingHours,RSH,0.3254467,0.020674859,68.67007446,5,FALSE
Tuesday-WorkingHours,RSH,0.349552707,0.021470809,72.88768721,7,FALSE
Tuesday-WorkingHours,RSH,0.30681337,0.020158962,75.26504135,1,FALSE
Tuesday-WorkingHours,RSH,0.345082605,0.021277961,78.22215176,4,FALSE
Tuesday-WorkingHours,RSH,0.337563722,0.021028676,75.4411397,3,FALSE
Tuesday-WorkingHours,RSH,0.321228596,0.020531086,71.74498963,2,FALSE
Tuesday-WorkingHours,RSH,0.323970905,0.020610983,77.01965427,6,FALSE
Thursday-WorkingHours-Morning-WebAttacks,RSH,0.179814246,0.007332671,29.27423525,9,FALSE
Thursday-WorkingHours-Morning-WebAttacks,RSH,0.226895965,0.007666036,27.20368862,8,FALSE
Thursday-WorkingHours-Morning-WebAttacks,RSH,0.183247207,0.007279646,27.75669789,7,FALSE
Thursday-WorkingHours-Morning-WebAttacks,RSH,0.208708577,0.007545663,28.560534,3,FALSE
Thursday-WorkingHours-Morning-WebAttacks,RSH,0.199785076,0.007438724,28.72591281,6,FALSE
Thursday-WorkingHours-Morning-WebAttacks,RSH,0.19765653,0.00744115,26.17966032,4,FALSE
Thursday-WorkingHours-Morning-WebAttacks,RSH,0.184927875,0.007310418,27.96129227,0,FALSE
Thursday-WorkingHours-Morning-WebAttacks,RSH,0.191455054,0.007339525,28.49607468,1,FALSE
Thursday-WorkingHours-Morning-WebAttacks,RSH,0.194739962,0.007379847,28.69527483,2,FALSE
Thursday-WorkingHours-Morning-WebAttacks,RSH,0.171345497,0.007266494,27.38192582,5,FALSE
Thursday-WorkingHours-Afternoon-Infilteration,RSH,0.937688287,0.009374437,45.77025652,0,FALSE
Thursday-WorkingHours-Afternoon-Infilteration,RSH,0.906082866,0.00146224,48.21629143,5,FALSE
Thursday-WorkingHours-Afternoon-Infilteration,RSH,0.908621376,0.000913295,45.16797662,3,FALSE
Thursday-WorkingHours-Afternoon-Infilteration,RSH,0.905063794,0.000859398,44.9949851,7,FALSE
Thursday-WorkingHours-Afternoon-Infilteration,RSH,0.923765659,0.003454566,47.89253044,6,FALSE
Thursday-WorkingHours-Afternoon-Infilteration,RSH,0.94826535,0.008050628,45.13356948,1,FALSE
Thursday-WorkingHours-Afternoon-Infilteration,RSH,0.94785826,0.005251525,46.79706788,4,FALSE
Thursday-WorkingHours-Afternoon-Infilteration,RSH,0.948349675,0.011325642,46.58314943,9,FALSE
Thursday-WorkingHours-Afternoon-Infilteration,RSH,0.939411993,0.004371434,46.47788811,8,FALSE
Thursday-WorkingHours-Afternoon-Infilteration,RSH,0.940572328,0.015970245,47.88308406,2,FALSE
Friday-WorkingHours-Morning,RSH,0.428171256,0.008513371,31.6479516,7,FALSE
Friday-WorkingHours-Morning,RSH,0.441347886,0.008732695,33.11285233,5,FALSE
Friday-WorkingHours-Morning,RSH,0.376718301,0.007645703,30.0717473,9,FALSE
Friday-WorkingHours-Morning,RSH,0.386994017,0.007696959,31.98210835,6,FALSE
Friday-WorkingHours-Morning,RSH,0.393573465,0.007822316,32.41437292,8,FALSE
Friday-WorkingHours-Morning,RSH,0.380763742,0.007645351,32.95861268,0,FALSE
Friday-WorkingHours-Morning,RSH,0.419325245,0.008388452,32.80286741,2,FALSE
Friday-WorkingHours-Morning,RSH,0.414832793,0.008207593,31.57723546,1,FALSE
Friday-WorkingHours-Morning,RSH,0.465662733,0.009595815,33.5922451,4,FALSE
Friday-WorkingHours-Morning,RSH,0.426728274,0.008466281,32.13280201,3,FALSE
backdoor,SDOS,0.72731096,0.075367587,1.872058868,5,FALSE
backdoor,SDOS,0.727833433,0.073768337,1.917854548,8,FALSE
backdoor,SDOS,0.728706967,0.074281588,1.883627415,4,FALSE
backdoor,SDOS,0.734603596,0.079715029,1.880015612,0,FALSE
backdoor,SDOS,0.727691014,0.075098516,1.906830788,6,FALSE
backdoor,SDOS,0.731269076,0.077046482,1.948877096,3,FALSE
backdoor,SDOS,0.734413311,0.078048425,1.906206369,1,FALSE
backdoor,SDOS,0.733005582,0.076055073,1.908348083,9,FALSE
backdoor,SDOS,0.736210384,0.077057928,1.909647226,7,FALSE
backdoor,SDOS,0.731630055,0.075110774,1.894090176,2,FALSE
campaign,SDOS,0.594156427,0.200007806,0.668192625,6,FALSE
campaign,SDOS,0.592778138,0.198245577,0.66386199,7,FALSE
campaign,SDOS,0.592546776,0.198762834,0.744968176,2,FALSE
campaign,SDOS,0.591426806,0.198755081,0.683157682,5,FALSE
campaign,SDOS,0.59120505,0.197507244,0.665181875,0,FALSE
campaign,SDOS,0.591094302,0.198188363,0.675076008,4,FALSE
campaign,SDOS,0.594776148,0.199865234,0.666649818,3,FALSE
campaign,SDOS,0.593106025,0.199928237,0.741134882,9,FALSE
campaign,SDOS,0.592741124,0.199411296,0.687171459,1,FALSE
campaign,SDOS,0.590053768,0.197080311,0.669506311,8,FALSE
celeba,SDOS,0.578753632,0.034312439,3.266182184,0,FALSE
celeba,SDOS,0.578271737,0.034094154,3.328629732,4,FALSE
celeba,SDOS,0.578450402,0.034362236,3.312672853,8,FALSE
celeba,SDOS,0.57899134,0.034375647,3.263674021,2,FALSE
celeba,SDOS,0.57747096,0.034119849,3.220392227,7,FALSE
celeba,SDOS,0.578061851,0.034504534,3.332576513,1,FALSE
celeba,SDOS,0.578079944,0.034096357,3.319732904,6,FALSE
celeba,SDOS,0.57865835,0.034139818,3.284166336,9,FALSE
celeba,SDOS,0.579192497,0.03406585,3.257020712,5,FALSE
celeba,SDOS,0.577967684,0.034356803,3.33178544,3,FALSE
census,SDOS,0.490218013,0.055763165,8.718385696,5,FALSE
census,SDOS,0.489218696,0.055648777,8.62586236,8,FALSE
census,SDOS,0.491149961,0.055865627,8.615611076,3,FALSE
census,SDOS,0.49031745,0.055767599,8.601969957,7,FALSE
census,SDOS,0.489256656,0.055640405,8.6496346,1,FALSE
census,SDOS,0.490926161,0.055848538,8.644783258,9,FALSE
census,SDOS,0.490463114,0.055808836,8.706271648,4,FALSE
census,SDOS,0.490408172,0.055795805,8.62524581,0,FALSE
census,SDOS,0.490681436,0.055824404,8.689185143,2,FALSE
census,SDOS,0.490259567,0.055755091,8.678492785,6,FALSE
cover,SDOS,0.511831121,0.012444234,4.097381353,7,FALSE
cover,SDOS,0.513038354,0.012502834,4.112120152,6,FALSE
cover,SDOS,0.508485518,0.012181821,4.094224215,5,FALSE
cover,SDOS,0.512960665,0.012260968,4.103932381,0,FALSE
cover,SDOS,0.513008411,0.011946976,4.119247913,2,FALSE
cover,SDOS,0.511300232,0.012418101,4.12934351,4,FALSE
cover,SDOS,0.511085372,0.01210882,4.107282639,8,FALSE
cover,SDOS,0.513978659,0.012314658,4.119577408,3,FALSE
cover,SDOS,0.513578171,0.012265732,4.194077969,1,FALSE
cover,SDOS,0.510147644,0.012149927,4.168966532,9,FALSE
donors,SDOS,0.798136097,0.125063922,9.280859232,7,FALSE
donors,SDOS,0.797131492,0.124105391,9.34429884,5,FALSE
donors,SDOS,0.797815883,0.124867947,9.282414198,9,FALSE
donors,SDOS,0.797423555,0.124206295,9.156358004,4,FALSE
donors,SDOS,0.797194751,0.124163321,9.159093618,1,FALSE
donors,SDOS,0.797782043,0.124587735,9.205097675,0,FALSE
donors,SDOS,0.796902386,0.123837719,9.354047537,6,FALSE
donors,SDOS,0.797444915,0.124104342,9.158698797,3,FALSE
donors,SDOS,0.798159574,0.124718764,9.477422476,8,FALSE
donors,SDOS,0.798512933,0.125168036,9.34239769,2,FALSE
fraud,SDOS,0.946642265,0.347322649,4.475734949,9,FALSE
fraud,SDOS,0.945054752,0.340971425,4.487984896,4,FALSE
fraud,SDOS,0.946069793,0.347630568,4.421239614,7,FALSE
fraud,SDOS,0.946288455,0.347649648,4.400079727,1,FALSE
fraud,SDOS,0.946972269,0.347892919,4.458016634,6,FALSE
fraud,SDOS,0.947025457,0.347255245,4.444496155,3,FALSE
fraud,SDOS,0.947718872,0.346954952,4.402905703,8,FALSE
fraud,SDOS,0.946076535,0.33791994,4.441777468,0,FALSE
fraud,SDOS,0.946822015,0.346414958,4.527210712,2,FALSE
fraud,SDOS,0.947387173,0.347601074,4.416282177,5,FALSE
http,SDOS,0.080976265,0.005063816,8.151325941,5,FALSE
http,SDOS,0.07931155,0.005028752,8.156822205,7,FALSE
http,SDOS,0.07944456,0.005050167,8.203659296,4,FALSE
http,SDOS,0.074153344,0.004856188,8.115072012,2,FALSE
http,SDOS,0.084374485,0.005200265,8.06519556,6,FALSE
http,SDOS,0.078608891,0.004942331,8.210042953,3,FALSE
http,SDOS,0.081541534,0.005171755,8.215895891,1,FALSE
http,SDOS,0.079606317,0.005051803,8.266497374,9,FALSE
http,SDOS,0.079126951,0.005027998,8.194674492,0,FALSE
http,SDOS,0.081468609,0.005179231,8.084586382,8,FALSE
mammography,SDOS,0.845034648,0.14913448,0.178612471,5,FALSE
mammography,SDOS,0.845196269,0.150480444,0.162659645,0,FALSE
mammography,SDOS,0.845503313,0.151894415,0.163170338,4,FALSE
mammography,SDOS,0.844544504,0.14786002,0.235860825,2,FALSE
mammography,SDOS,0.845036409,0.148353635,0.160507202,8,FALSE
mammography,SDOS,0.844091332,0.148534053,0.160834074,3,FALSE
mammography,SDOS,0.844666336,0.146937773,0.160172224,6,FALSE
mammography,SDOS,0.848118473,0.151242087,0.162218571,7,FALSE
mammography,SDOS,0.848100163,0.150328524,0.182732582,9,FALSE
mammography,SDOS,0.843118437,0.14851902,0.236057281,1,FALSE
mulcross,SDOS,0.009462726,0.051878287,3.821785688,7,FALSE
mulcross,SDOS,0.009636411,0.051878836,3.854679346,6,FALSE
mulcross,SDOS,0.009347165,0.051877427,3.82104826,3,FALSE
mulcross,SDOS,0.00911184,0.051872544,3.840834379,1,FALSE
mulcross,SDOS,0.009557537,0.051878275,3.908082485,9,FALSE
mulcross,SDOS,0.009301699,0.051874733,3.789002657,0,FALSE
mulcross,SDOS,0.009210952,0.051874397,3.851937532,2,FALSE
mulcross,SDOS,0.009330345,0.051876416,3.91201973,8,FALSE
mulcross,SDOS,0.009612965,0.051881747,3.957369566,4,FALSE
mulcross,SDOS,0.00951788,0.05187804,3.831898689,5,FALSE
nyc taxi,SDOS,0.566931256,0.067936586,0.138916254,3,FALSE
nyc taxi,SDOS,0.554670052,0.065537101,0.138998508,8,FALSE
nyc taxi,SDOS,0.559421852,0.067581776,0.140511513,2,FALSE
nyc taxi,SDOS,0.575062583,0.069986483,0.139339447,4,FALSE
nyc taxi,SDOS,0.564214744,0.069262974,0.139560699,5,FALSE
nyc taxi,SDOS,0.564885291,0.067730955,0.140239239,0,FALSE
nyc taxi,SDOS,0.566040085,0.069374164,0.140054464,7,FALSE
nyc taxi,SDOS,0.574551259,0.069236864,0.139553785,1,FALSE
nyc taxi,SDOS,0.566085564,0.069586425,0.141807795,6,FALSE
nyc taxi,SDOS,0.555246591,0.065929788,0.140156507,9,FALSE
nyc taxi shingle,SDOS,0.797207605,0.207300551,0.169797182,8,FALSE
nyc taxi shingle,SDOS,0.799779729,0.209653545,0.167054892,7,FALSE
nyc taxi shingle,SDOS,0.779856494,0.18992296,0.167969704,9,FALSE
nyc taxi shingle,SDOS,0.782463683,0.193530906,0.168652773,2,FALSE
nyc taxi shingle,SDOS,0.785966823,0.204941641,0.167723179,4,FALSE
nyc taxi shingle,SDOS,0.791664814,0.201424815,0.168554544,6,FALSE
nyc taxi shingle,SDOS,0.777291651,0.204505433,0.165626287,5,FALSE
nyc taxi shingle,SDOS,0.785322642,0.205501102,0.166430712,0,FALSE
nyc taxi shingle,SDOS,0.808196233,0.220418215,0.167141914,1,FALSE
nyc taxi shingle,SDOS,0.791322031,0.216004152,0.16557169,3,FALSE
shuttle,SDOS,0.995747041,0.859411905,0.733843803,5,FALSE
shuttle,SDOS,0.995696576,0.859327915,0.73103857,2,FALSE
shuttle,SDOS,0.995715551,0.859264877,0.720723391,7,FALSE
shuttle,SDOS,0.995509659,0.857738076,0.725607872,1,FALSE
shuttle,SDOS,0.995607134,0.858527962,0.726635218,0,FALSE
shuttle,SDOS,0.995620348,0.858647032,0.730925083,4,FALSE
shuttle,SDOS,0.995760087,0.859841614,0.72356081,3,FALSE
shuttle,SDOS,0.995643762,0.858472723,0.734130144,9,FALSE
shuttle,SDOS,0.995499447,0.858152384,0.740693808,6,FALSE
shuttle,SDOS,0.995509994,0.858016059,0.729421377,8,FALSE
smtp,SDOS,0.860901681,0.462393215,1.364943027,2,FALSE
smtp,SDOS,0.855846982,0.471244758,1.387218475,4,FALSE
smtp,SDOS,0.848628486,0.459312393,1.369119167,7,FALSE
smtp,SDOS,0.853113765,0.471565968,1.371490717,3,FALSE
smtp,SDOS,0.847877201,0.461186697,1.388321161,0,FALSE
smtp,SDOS,0.852245443,0.470049845,1.379215479,1,FALSE
smtp,SDOS,0.849307235,0.473018446,1.369976521,8,FALSE
smtp,SDOS,0.850771608,0.47089035,1.371745825,5,FALSE
smtp,SDOS,0.844584726,0.464977189,1.393572569,6,FALSE
smtp,SDOS,0.849062296,0.496407026,1.37307024,9,FALSE
insects,SDOS,0.707506929,0.109736505,5.207812786,6,FALSE
insects,SDOS,0.705307536,0.108781025,6.669075489,7,FALSE
insects,SDOS,0.705874613,0.109498278,5.76269865,0,FALSE
insects,SDOS,0.703781531,0.108211017,5.253594398,5,FALSE
insects,SDOS,0.702548437,0.107700854,5.250992775,9,FALSE
insects,SDOS,0.704872742,0.108902921,4.941023827,2,FALSE
insects,SDOS,0.702422904,0.107857287,4.753187418,8,FALSE
insects,SDOS,0.704845862,0.108267004,5.175812244,4,FALSE
insects,SDOS,0.704976147,0.108666105,5.610087872,3,FALSE
insects,SDOS,0.70851714,0.1094893,5.609570503,1,FALSE
Tuesday-WorkingHours,SDOS,0.545698941,0.036994644,12.28753853,5,FALSE
Tuesday-WorkingHours,SDOS,0.545721733,0.037081732,12.30174398,8,FALSE
Tuesday-WorkingHours,SDOS,0.544771458,0.036974324,11.73199725,9,FALSE
Tuesday-WorkingHours,SDOS,0.546328771,0.037052848,11.99172664,1,FALSE
Tuesday-WorkingHours,SDOS,0.545326089,0.036894689,14.4659822,4,FALSE
Tuesday-WorkingHours,SDOS,0.547819143,0.037179295,15.15704918,6,FALSE
Tuesday-WorkingHours,SDOS,0.544241437,0.036836393,13.96897173,2,FALSE
Tuesday-WorkingHours,SDOS,0.546592187,0.037078818,11.60375857,7,FALSE
Tuesday-WorkingHours,SDOS,0.545468671,0.036974823,12.5312674,3,FALSE
Tuesday-WorkingHours,SDOS,0.546225525,0.036892217,12.17917037,0,FALSE
Thursday-WorkingHours-Morning-WebAttacks,SDOS,0.736516539,0.022650504,4.684742451,1,FALSE
Thursday-WorkingHours-Morning-WebAttacks,SDOS,0.731062628,0.022140619,5.807788849,4,FALSE
Thursday-WorkingHours-Morning-WebAttacks,SDOS,0.733416152,0.022341978,5.888353825,3,FALSE
Thursday-WorkingHours-Morning-WebAttacks,SDOS,0.7321468,0.02222539,5.461713076,9,FALSE
Thursday-WorkingHours-Morning-WebAttacks,SDOS,0.734457275,0.022456352,5.824913502,2,FALSE
Thursday-WorkingHours-Morning-WebAttacks,SDOS,0.732670524,0.022267471,4.312537193,7,FALSE
Thursday-WorkingHours-Morning-WebAttacks,SDOS,0.733742047,0.022363388,4.278761148,0,FALSE
Thursday-WorkingHours-Morning-WebAttacks,SDOS,0.734916178,0.022498344,4.256739616,5,FALSE
Thursday-WorkingHours-Morning-WebAttacks,SDOS,0.729876354,0.022007355,5.78319025,8,FALSE
Thursday-WorkingHours-Morning-WebAttacks,SDOS,0.734394866,0.022440764,4.700037003,6,FALSE
Thursday-WorkingHours-Afternoon-Infilteration,SDOS,0.941602807,0.00202923,8.814934015,7,FALSE
Thursday-WorkingHours-Afternoon-Infilteration,SDOS,0.941475357,0.002012421,9.871446371,3,FALSE
Thursday-WorkingHours-Afternoon-Infilteration,SDOS,0.941228157,0.001957355,9.865384817,2,FALSE
Thursday-WorkingHours-Afternoon-Infilteration,SDOS,0.94143897,0.002059158,7.232209206,1,FALSE
Thursday-WorkingHours-Afternoon-Infilteration,SDOS,0.940647123,0.001935808,7.486251831,8,FALSE
Thursday-WorkingHours-Afternoon-Infilteration,SDOS,0.942118672,0.002038131,9.822810888,9,FALSE
Thursday-WorkingHours-Afternoon-Infilteration,SDOS,0.941284567,0.001976427,7.2415483,0,FALSE
Thursday-WorkingHours-Afternoon-Infilteration,SDOS,0.941000884,0.001964092,9.845139265,4,FALSE
Thursday-WorkingHours-Afternoon-Infilteration,SDOS,0.941621674,0.001955493,7.467182398,5,FALSE
Thursday-WorkingHours-Afternoon-Infilteration,SDOS,0.942288477,0.002032354,7.629202604,6,FALSE
Friday-WorkingHours-Morning,SDOS,0.598277615,0.011726972,4.680066109,6,FALSE
Friday-WorkingHours-Morning,SDOS,0.599461781,0.011760494,6.515562057,2,FALSE
Friday-WorkingHours-Morning,SDOS,0.596422158,0.011676042,4.89325738,7,FALSE
Friday-WorkingHours-Morning,SDOS,0.597292236,0.011693064,4.86919713,5,FALSE
Friday-WorkingHours-Morning,SDOS,0.592820271,0.011581231,4.7852211,8,FALSE
Friday-WorkingHours-Morning,SDOS,0.601618713,0.011858204,6.532370329,0,FALSE
Friday-WorkingHours-Morning,SDOS,0.596157019,0.011680545,6.562961578,1,FALSE
Friday-WorkingHours-Morning,SDOS,0.599951205,0.011797226,4.940518856,3,FALSE
Friday-WorkingHours-Morning,SDOS,0.604147323,0.011920296,4.919274092,9,FALSE
Friday-WorkingHours-Morning,SDOS,0.592580805,0.011547594,5.453314781,4,FALSE
backdoor,oIF,0.800972269,0.071881915,796.1902549,3,FALSE
backdoor,oIF,0.512565467,0.02929595,794.5339363,2,FALSE
backdoor,oIF,0.622358255,0.038166931,800.1212842,0,FALSE
backdoor,oIF,0.722841898,0.052757892,806.6864595,6,FALSE
backdoor,oIF,0.647974436,0.03907641,811.3203394,7,FALSE
backdoor,oIF,0.631143679,0.055495132,803.9504795,5,FALSE
backdoor,oIF,0.620765114,0.039682536,800.3706913,9,FALSE
backdoor,oIF,0.600402212,0.032027983,809.8017123,1,FALSE
backdoor,oIF,0.7395814,0.05295923,803.5952752,8,FALSE
backdoor,oIF,0.675339042,0.041729463,803.0130074,4,FALSE
campaign,oIF,0.676932039,0.260874044,135.619494,2,FALSE
campaign,oIF,0.659791797,0.220854809,133.0408208,3,FALSE
campaign,oIF,0.708995297,0.265125171,134.2748418,1,FALSE
campaign,oIF,0.62736665,0.199800826,132.5681319,4,FALSE
campaign,oIF,0.629198509,0.232503273,130.3246257,7,FALSE
campaign,oIF,0.69816708,0.232041941,129.9036441,6,FALSE
campaign,oIF,0.656848728,0.219457205,134.3849092,0,FALSE
campaign,oIF,0.646818193,0.248265561,132.7636938,5,FALSE
campaign,oIF,0.741921267,0.325029465,133.1192589,8,FALSE
campaign,oIF,0.627972414,0.228881948,132.7905159,9,FALSE
celeba,oIF,0.841104766,0.124544197,629.6652977,5,FALSE
celeba,oIF,0.671613544,0.044289812,627.339654,4,FALSE
celeba,oIF,0.724505835,0.086840249,623.8968937,6,FALSE
celeba,oIF,0.815720181,0.103402075,625.02229,1,FALSE
celeba,oIF,0.596440572,0.046613408,634.2291708,7,FALSE
celeba,oIF,0.767514638,0.081340324,633.6061733,9,FALSE
celeba,oIF,0.797485835,0.096749722,626.8550465,2,FALSE
celeba,oIF,0.745075308,0.095244701,629.5835934,8,FALSE
celeba,oIF,0.724503421,0.06347917,629.3799496,3,FALSE
celeba,oIF,0.766946912,0.093506704,633.6058903,0,FALSE
census,oIF,0.63141261,0.08268491,3896.184867,0,FALSE
census,oIF,0.578504328,0.06900078,3967.654292,1,FALSE
census,oIF,0.574968097,0.07812939,3934.617268,3,FALSE
census,oIF,0.496701096,0.059764891,3959.306808,2,FALSE
census,oIF,0.562237949,0.069269118,3903.919859,7,FALSE
census,oIF,0.595583408,0.070309891,3949.601599,9,FALSE
census,oIF,0.619911266,0.078150183,3895.182393,6,FALSE
census,oIF,0.716458131,0.117012758,3963.543587,5,FALSE
census,oIF,0.62550992,0.080377412,3939.695933,8,FALSE
census,oIF,0.692587084,0.116042968,3945.035864,4,FALSE
cover,oIF,0.857694132,0.044093114,785.4233165,4,FALSE
cover,oIF,0.817388449,0.052117426,785.9768856,5,FALSE
cover,oIF,0.858349185,0.064084765,790.2078509,0,FALSE
cover,oIF,0.895889762,0.054266016,788.2275004,8,FALSE
cover,oIF,0.919275389,0.075945283,783.3021126,3,FALSE
cover,oIF,0.876305611,0.071020878,786.3074474,6,FALSE
cover,oIF,0.881025434,0.051498277,764.2915692,1,FALSE
cover,oIF,0.86859665,0.057067633,755.733593,2,FALSE
cover,oIF,0.783383083,0.026981796,795.5827744,7,FALSE
cover,oIF,0.84771465,0.062684287,775.162673,9,FALSE
donors,oIF,0.715175548,0.092665929,2116.966758,5,FALSE
donors,oIF,0.877449895,0.23309393,2087.474624,7,FALSE
donors,oIF,0.890960207,0.230817385,2110.875186,0,FALSE
donors,oIF,0.775578824,0.11555532,2088.90952,9,FALSE
donors,oIF,0.832659344,0.158007957,2111.985461,8,FALSE
donors,oIF,0.787427583,0.12140859,2114.633869,4,FALSE
donors,oIF,0.770594271,0.119307605,2101.03817,2,FALSE
donors,oIF,0.810835509,0.141533804,2095.7497,1,FALSE
donors,oIF,0.793324235,0.135003591,2083.812854,3,FALSE
donors,oIF,0.784111999,0.13885625,2057.396098,6,FALSE
fraud,oIF,0.947050049,0.116901634,836.0521939,3,FALSE
fraud,oIF,0.952069673,0.096911398,818.4419165,7,FALSE
fraud,oIF,0.948505494,0.188885413,825.8809249,8,FALSE
fraud,oIF,0.94287295,0.134747193,795.3253825,4,FALSE
fraud,oIF,0.949873437,0.12072376,818.7111459,2,FALSE
fraud,oIF,0.949562234,0.133207912,816.2080348,0,FALSE
fraud,oIF,0.953290472,0.227566585,815.5455585,6,FALSE
fraud,oIF,0.946368079,0.090184715,824.4947188,5,FALSE
fraud,oIF,0.950736416,0.116456534,804.4792101,1,FALSE
fraud,oIF,0.948374677,0.099792319,824.2233863,9,FALSE
http,oIF,0.255777017,0.002936962,1364.132314,3,FALSE
http,oIF,0.238208294,0.003045176,1326.271651,5,FALSE
http,oIF,0.214513683,0.002660247,1348.523569,7,FALSE
http,oIF,0.193058577,0.002459527,1371.197705,4,FALSE
http,oIF,0.244527862,0.002798237,1305.44304,2,FALSE
http,oIF,0.297312441,0.003258551,1381.078195,9,FALSE
http,oIF,0.252489295,0.002941122,1386.669671,8,FALSE
http,oIF,0.230144989,0.00269035,1403.363846,1,FALSE
http,oIF,0.154397821,0.002250067,1350.519549,6,FALSE
http,oIF,0.267544762,0.002861534,1379.420049,0,FALSE
mammography,oIF,0.849381686,0.115023138,30.03613782,9,FALSE
mammography,oIF,0.849674117,0.146549009,30.48109674,5,FALSE
mammography,oIF,0.832102867,0.093900709,30.55255246,4,FALSE
mammography,oIF,0.801890154,0.097010514,29.54292345,0,FALSE
mammography,oIF,0.847708963,0.126987861,30.90556979,3,FALSE
mammography,oIF,0.844608941,0.120985368,30.78411984,7,FALSE
mammography,oIF,0.841001873,0.116786901,30.20203137,1,FALSE
mammography,oIF,0.859754822,0.161325735,29.92408895,2,FALSE
mammography,oIF,0.838046747,0.170749387,30.23210645,6,FALSE
mammography,oIF,0.872324277,0.163761984,30.45938802,8,FALSE
mulcross,oIF,0.997745429,0.958266249,818.2490976,5,FALSE
mulcross,oIF,0.984440868,0.731925528,802.8717737,7,FALSE
mulcross,oIF,0.985283412,0.735003483,826.3577497,1,FALSE
mulcross,oIF,0.996381192,0.922807653,835.7082248,8,FALSE
mulcross,oIF,0.992195292,0.835521672,806.2016735,9,FALSE
mulcross,oIF,0.973597273,0.628830202,797.4742796,2,FALSE
mulcross,oIF,0.983813837,0.746084146,824.0433738,3,FALSE
mulcross,oIF,0.989150583,0.788459671,822.3344245,0,FALSE
mulcross,oIF,0.99346233,0.86902373,820.3041623,6,FALSE
mulcross,oIF,0.988756601,0.776502039,807.4349551,4,FALSE
nyc taxi,oIF,0.513100794,0.065545591,32.00697684,6,FALSE
nyc taxi,oIF,0.512507284,0.065802521,31.89580631,8,FALSE
nyc taxi,oIF,0.500034133,0.065912483,31.69060063,3,FALSE
nyc taxi,oIF,0.51325954,0.066099738,31.83319497,1,FALSE
nyc taxi,oIF,0.525942828,0.06812485,31.39154935,2,FALSE
nyc taxi,oIF,0.496684066,0.064357301,31.78220844,7,FALSE
nyc taxi,oIF,0.4964029,0.063593632,31.78810287,9,FALSE
nyc taxi,oIF,0.5213902,0.067804068,31.98659897,4,FALSE
nyc taxi,oIF,0.519599754,0.065897451,31.56282425,0,FALSE
nyc taxi,oIF,0.534364093,0.067958739,31.76217747,5,FALSE
nyc taxi shingle,oIF,0.484782619,0.056351525,34.38072944,6,FALSE
nyc taxi shingle,oIF,0.472643778,0.055572508,34.24945116,0,FALSE
nyc taxi shingle,oIF,0.509086551,0.058736263,35.10453057,8,FALSE
nyc taxi shingle,oIF,0.47302814,0.055897733,34.60270143,7,FALSE
nyc taxi shingle,oIF,0.466074552,0.055888851,34.28700614,2,FALSE
nyc taxi shingle,oIF,0.468456986,0.055390378,34.08243132,5,FALSE
nyc taxi shingle,oIF,0.461361609,0.056612412,34.83221745,4,FALSE
nyc taxi shingle,oIF,0.45202597,0.053055602,34.90384412,1,FALSE
nyc taxi shingle,oIF,0.463674873,0.054061968,33.70119572,9,FALSE
nyc taxi shingle,oIF,0.470836738,0.054842405,34.69370604,3,FALSE
shuttle,oIF,0.950905508,0.566471126,126.1404943,2,FALSE
shuttle,oIF,0.987245993,0.950352143,125.0503073,3,FALSE
shuttle,oIF,0.990672064,0.940289643,124.6084807,7,FALSE
shuttle,oIF,0.980107595,0.775472927,123.1099253,0,FALSE
shuttle,oIF,0.959348378,0.605314492,126.6556997,9,FALSE
shuttle,oIF,0.987975254,0.854231878,119.2127495,5,FALSE
shuttle,oIF,0.985492262,0.762189289,119.2660878,4,FALSE
shuttle,oIF,0.938517594,0.552228233,123.2716513,6,FALSE
shuttle,oIF,0.983476422,0.849857141,122.7714829,8,FALSE
shuttle,oIF,0.990312475,0.905270864,124.2250669,1,FALSE
smtp,oIF,0.9059048,0.004602472,299.4210916,8,FALSE
smtp,oIF,0.878590151,0.004193118,297.2585971,3,FALSE
smtp,oIF,0.884334111,0.004726012,299.3857801,0,FALSE
smtp,oIF,0.868446762,0.007288239,294.9862483,2,FALSE
smtp,oIF,0.833833021,0.003710902,296.401099,4,FALSE
smtp,oIF,0.886443244,0.004146553,298.6295028,1,FALSE
smtp,oIF,0.892952856,0.011813763,301.339678,5,FALSE
smtp,oIF,0.88343215,0.011189979,294.3118048,9,FALSE
smtp,oIF,0.865536587,0.003108576,298.7740977,6,FALSE
smtp,oIF,0.882026295,0.005609736,300.2323883,7,FALSE
insects,oIF,0.699391929,0.108267058,646.0197556,1,FALSE
insects,oIF,0.697667465,0.112817163,632.6174712,9,FALSE
insects,oIF,0.720849523,0.117333374,638.5633972,7,FALSE
insects,oIF,0.693454491,0.108235583,641.4972045,6,FALSE
insects,oIF,0.690734076,0.111949417,654.4296184,5,FALSE
insects,oIF,0.718453906,0.118377653,650.9942696,4,FALSE
insects,oIF,0.719231769,0.142196283,638.0714507,0,FALSE
insects,oIF,0.764768843,0.146288276,642.703094,2,FALSE
insects,oIF,0.755201064,0.140543909,617.4545443,3,FALSE
insects,oIF,0.71524631,0.113735935,651.0195293,8,FALSE
Tuesday-WorkingHours,oIF,0.616871353,0.036317183,1181.276426,5,FALSE
Tuesday-WorkingHours,oIF,0.608768486,0.03541445,1138.556918,1,FALSE
Tuesday-WorkingHours,oIF,0.616469552,0.036888544,1168.37386,7,FALSE
Tuesday-WorkingHours,oIF,0.611439717,0.036329941,1176.95699,2,FALSE
Tuesday-WorkingHours,oIF,0.610503385,0.035702185,1166.128502,6,FALSE
Tuesday-WorkingHours,oIF,0.623635034,0.038240011,1170.160711,0,FALSE
Tuesday-WorkingHours,oIF,0.641625006,0.042839638,1158.88589,8,FALSE
Tuesday-WorkingHours,oIF,0.631826661,0.039190187,1154.44893,3,FALSE
Tuesday-WorkingHours,oIF,0.643491988,0.038990174,1173.256003,9,FALSE
Tuesday-WorkingHours,oIF,0.6127475,0.036400612,1154.903344,4,FALSE
Thursday-WorkingHours-Morning-WebAttacks,oIF,0.207984345,0.007602915,459.6125159,9,FALSE
Thursday-WorkingHours-Morning-WebAttacks,oIF,0.336302605,0.01093008,450.5387542,5,FALSE
Thursday-WorkingHours-Morning-WebAttacks,oIF,0.631796158,0.01858717,461.7074027,7,FALSE
Thursday-WorkingHours-Morning-WebAttacks,oIF,0.519050064,0.013633946,443.0540795,1,FALSE
Thursday-WorkingHours-Morning-WebAttacks,oIF,0.557854688,0.015778565,454.0950494,6,FALSE
Thursday-WorkingHours-Morning-WebAttacks,oIF,0.644343041,0.016597918,461.2749686,4,FALSE
Thursday-WorkingHours-Morning-WebAttacks,oIF,0.349111602,0.009382584,459.724751,8,FALSE
Thursday-WorkingHours-Morning-WebAttacks,oIF,0.572454045,0.018162247,441.1583543,2,FALSE
Thursday-WorkingHours-Morning-WebAttacks,oIF,0.455141773,0.01111419,450.2719197,0,FALSE
Thursday-WorkingHours-Morning-WebAttacks,oIF,0.236381139,0.008920895,447.8512595,3,FALSE
Thursday-WorkingHours-Afternoon-Infilteration,oIF,0.955040037,0.009193908,708.4605281,1,FALSE
Thursday-WorkingHours-Afternoon-Infilteration,oIF,0.941632792,0.00566934,713.7072463,6,FALSE
Thursday-WorkingHours-Afternoon-Infilteration,oIF,0.952964496,0.008962711,717.708245,5,FALSE
Thursday-WorkingHours-Afternoon-Infilteration,oIF,0.940375329,0.006386454,709.9825766,9,FALSE
Thursday-WorkingHours-Afternoon-Infilteration,oIF,0.956993085,0.008094149,692.6879842,3,FALSE
Thursday-WorkingHours-Afternoon-Infilteration,oIF,0.942580727,0.006864586,710.7666168,0,FALSE
Thursday-WorkingHours-Afternoon-Infilteration,oIF,0.946498567,0.005296556,723.1140301,8,FALSE
Thursday-WorkingHours-Afternoon-Infilteration,oIF,0.952107432,0.00934269,709.7181346,7,FALSE
Thursday-WorkingHours-Afternoon-Infilteration,oIF,0.94582055,0.008996087,709.7880132,2,FALSE
Thursday-WorkingHours-Afternoon-Infilteration,oIF,0.948669407,0.008218886,711.7605994,4,FALSE
Friday-WorkingHours-Morning,oIF,0.236576427,0.006189978,499.9903145,6,FALSE
Friday-WorkingHours-Morning,oIF,0.554700324,0.010518732,497.960937,8,FALSE
Friday-WorkingHours-Morning,oIF,0.541855443,0.010305684,499.3378458,9,FALSE
Friday-WorkingHours-Morning,oIF,0.550277422,0.010330271,483.4487345,3,FALSE
Friday-WorkingHours-Morning,oIF,0.481149237,0.009101063,482.9678724,2,FALSE
Friday-WorkingHours-Morning,oIF,0.464105164,0.008645412,500.8402843,0,FALSE
Friday-WorkingHours-Morning,oIF,0.444169322,0.008595472,498.483959,1,FALSE
Friday-WorkingHours-Morning,oIF,0.40021304,0.007849202,503.8990841,7,FALSE
Friday-WorkingHours-Morning,oIF,0.491279682,0.009613219,505.8920908,5,FALSE
Friday-WorkingHours-Morning,oIF,0.43239525,0.008192132,502.324816,4,FALSE
campaign,SiForest,0.627558029,0.196234381,128.1161168,8,FALSE
campaign,SiForest,0.61465935,0.174855074,127.5744464,0,FALSE
campaign,SiForest,0.591786507,0.157727369,133.5593355,3,FALSE
campaign,SiForest,0.609877088,0.159923493,140.0731707,5,FALSE
campaign,SiForest,0.618426073,0.17578846,129.3354411,7,FALSE
campaign,SiForest,0.598683115,0.163553544,138.113663,9,FALSE
campaign,SiForest,0.630306204,0.200724212,129.9938667,2,FALSE
campaign,SiForest,0.611858522,0.163173764,128.4429007,1,FALSE
campaign,SiForest,0.610867932,0.177985763,132.952523,4,FALSE
campaign,SiForest,0.601638944,0.157711783,125.4079118,6,FALSE
backdoor,SiForest,0.819390733,0.069654231,261.3315144,1,FALSE
backdoor,SiForest,0.788023835,0.05581422,258.9396791,2,FALSE
backdoor,SiForest,0.804199349,0.063113071,257.9357018,4,FALSE
backdoor,SiForest,0.808907402,0.064795863,265.469775,6,FALSE
backdoor,SiForest,0.776183024,0.052785296,263.5027847,8,FALSE
backdoor,SiForest,0.798997657,0.060382742,260.7395923,0,FALSE
backdoor,SiForest,0.811973945,0.06653139,269.4921365,3,FALSE
backdoor,SiForest,0.805583528,0.06384244,261.6943336,5,FALSE
backdoor,SiForest,0.837014813,0.081794939,268.1778159,7,FALSE
backdoor,SiForest,0.826157105,0.0726026,252.5718417,9,FALSE
celeba,SiForest,0.666631217,0.054304214,332.5010273,7,FALSE
celeba,SiForest,0.691907477,0.06414106,332.3707306,9,FALSE
celeba,SiForest,0.661839049,0.061173961,321.7355318,4,FALSE
celeba,SiForest,0.673868877,0.057848851,324.1865478,2,FALSE
celeba,SiForest,0.661190653,0.061918798,317.6503034,1,FALSE
celeba,SiForest,0.679511443,0.059933776,342.381289,6,FALSE
celeba,SiForest,0.694163855,0.061149052,332.1330278,8,FALSE
celeba,SiForest,0.664516474,0.060561094,319.5338736,0,FALSE
celeba,SiForest,0.66335053,0.054700443,323.4503119,3,FALSE
celeba,SiForest,0.635075461,0.043606858,326.7217863,5,FALSE
mammography,SiForest,0.847161248,0.169241696,70.5903585,4,FALSE
mammography,SiForest,0.840988669,0.15737478,70.00789857,1,FALSE
mammography,SiForest,0.85182783,0.168965317,69.83799028,6,FALSE
mammography,SiForest,0.856279622,0.199817441,69.64270473,0,FALSE
mammography,SiForest,0.843957704,0.174859971,69.21181035,7,FALSE
mammography,SiForest,0.843010514,0.172300091,66.71580029,9,FALSE
mammography,SiForest,0.841762794,0.156200089,73.04526615,3,FALSE
mammography,SiForest,0.844249607,0.190579605,68.35345697,5,FALSE
mammography,SiForest,0.840026338,0.168006896,73.03112602,2,FALSE
mammography,SiForest,0.855023627,0.202538319,70.55977273,8,FALSE
cover,SiForest,0.544562451,0.011562302,402.1309528,0,FALSE
cover,SiForest,0.551166926,0.013104578,405.5799487,3,FALSE
cover,SiForest,0.573913943,0.013606384,391.5434978,5,FALSE
cover,SiForest,0.536055544,0.01171314,398.9444263,7,FALSE
cover,SiForest,0.532842321,0.01182559,402.3104436,9,FALSE
cover,SiForest,0.568138109,0.012810973,394.7203305,1,FALSE
cover,SiForest,0.546838785,0.011776961,393.4752421,2,FALSE
cover,SiForest,0.530019246,0.011457021,401.7778645,4,FALSE
cover,SiForest,0.57140002,0.013650781,393.1959805,6,FALSE
cover,SiForest,0.565289206,0.012403309,404.1601775,8,FALSE
nyc taxi,SiForest,0.635378466,0.09966418,61.97479939,2,FALSE
nyc taxi,SiForest,0.624209988,0.087881188,61.11213493,4,FALSE
nyc taxi,SiForest,0.637263969,0.088766627,67.2238431,6,FALSE
nyc taxi,SiForest,0.641864936,0.09083029,60.32452083,8,FALSE
nyc taxi,SiForest,0.638446985,0.090250587,59.66100407,3,FALSE
nyc taxi,SiForest,0.630170832,0.097005302,62.0142293,0,FALSE
nyc taxi,SiForest,0.629159433,0.088520064,62.35070324,5,FALSE
nyc taxi,SiForest,0.64417481,0.097109461,62.53656363,7,FALSE
nyc taxi,SiForest,0.633849355,0.088738841,60.38241792,9,FALSE
nyc taxi,SiForest,0.632137186,0.092180798,63.06065989,1,FALSE
fraud,SiForest,0.945230149,0.170922567,419.6732211,0,FALSE
fraud,SiForest,0.950104895,0.157747362,409.8682261,3,FALSE
fraud,SiForest,0.947718822,0.177524888,419.2731614,5,FALSE
fraud,SiForest,0.945777585,0.165918537,415.2275603,7,FALSE
fraud,SiForest,0.948425412,0.190637903,423.1213675,9,FALSE
fraud,SiForest,0.946173916,0.182470613,411.0934441,1,FALSE
fraud,SiForest,0.948739739,0.166970695,422.183706,2,FALSE
fraud,SiForest,0.945909681,0.176928929,414.1464443,4,FALSE
fraud,SiForest,0.949451306,0.177411269,413.1040394,6,FALSE
fraud,SiForest,0.950779816,0.193880837,425.5840394,8,FALSE
nyc taxi shingle,SiForest,0.847168115,0.328376855,86.85524559,2,FALSE
nyc taxi shingle,SiForest,0.839931715,0.316523539,86.09999967,4,FALSE
nyc taxi shingle,SiForest,0.819320997,0.303573586,80.30170298,6,FALSE
nyc taxi shingle,SiForest,0.827824298,0.322641068,85.41639233,8,FALSE
nyc taxi shingle,SiForest,0.821901743,0.311729744,84.73502469,0,FALSE
nyc taxi shingle,SiForest,0.820465845,0.297222488,80.77682805,3,FALSE
nyc taxi shingle,SiForest,0.823902689,0.305095074,83.51045704,5,FALSE
nyc taxi shingle,SiForest,0.822673917,0.3152454,80.03806353,1,FALSE
nyc taxi shingle,SiForest,0.830234515,0.324133198,83.07779551,7,FALSE
nyc taxi shingle,SiForest,0.84596406,0.307181662,91.94263387,9,FALSE
shuttle,SiForest,0.996896486,0.981191014,147.4158401,1,FALSE
shuttle,SiForest,0.996640195,0.978390497,146.9052033,4,FALSE
shuttle,SiForest,0.996613554,0.976110771,164.8144133,2,FALSE
shuttle,SiForest,0.996725298,0.977331148,145.7504439,6,FALSE
shuttle,SiForest,0.996531481,0.976060664,145.0854261,8,FALSE
shuttle,SiForest,0.996192935,0.976215515,149.8916798,0,FALSE
shuttle,SiForest,0.996478548,0.979194209,145.4176111,3,FALSE
shuttle,SiForest,0.997146198,0.979123353,145.7402575,5,FALSE
shuttle,SiForest,0.996902297,0.978920871,156.7903218,7,FALSE
shuttle,SiForest,0.996731803,0.977563314,151.2823761,9,FALSE
census,SiForest,0.564707684,0.064940165,576.5991216,2,FALSE
census,SiForest,0.572047208,0.066307771,559.1476669,6,FALSE
census,SiForest,0.527819475,0.059759216,565.1133711,4,FALSE
census,SiForest,0.549298177,0.062223251,561.1921582,8,FALSE
census,SiForest,0.569605416,0.065065528,566.5386174,1,FALSE
census,SiForest,0.557359446,0.06358736,549.4791324,0,FALSE
census,SiForest,0.548344439,0.062782692,563.2820909,5,FALSE
census,SiForest,0.547711624,0.062275823,573.170598,3,FALSE
census,SiForest,0.576071142,0.06687167,569.0517054,7,FALSE
census,SiForest,0.534365736,0.060530778,560.8028529,9,FALSE
smtp,SiForest,0.894223451,0.0042802,181.5967829,1,FALSE
smtp,SiForest,0.898724148,0.005384337,177.5755212,2,FALSE
smtp,SiForest,0.884784391,0.004469741,180.712163,6,FALSE
smtp,SiForest,0.884220227,0.004255033,182.4725122,4,FALSE
smtp,SiForest,0.895650856,0.004460239,181.8633277,8,FALSE
smtp,SiForest,0.884516676,0.005150569,181.2547896,0,FALSE
smtp,SiForest,0.882814022,0.003926084,178.1862369,3,FALSE
smtp,SiForest,0.888789255,0.00465907,183.2250333,7,FALSE
smtp,SiForest,0.877742503,0.004315846,193.6629641,5,FALSE
smtp,SiForest,0.892167231,0.004703019,185.0822918,9,FALSE
donors,SiForest,0.726604852,0.094189125,633.952436,1,FALSE
donors,SiForest,0.69998907,0.086574348,634.6283598,4,FALSE
donors,SiForest,0.727916566,0.094656247,615.3259521,2,FALSE
donors,SiForest,0.715891169,0.090571041,627.7104528,6,FALSE
donors,SiForest,0.72309406,0.093495027,629.912884,8,FALSE
donors,SiForest,0.710451627,0.089497605,618.1147559,0,FALSE
donors,SiForest,0.730935569,0.095693802,626.9626639,3,FALSE
donors,SiForest,0.701351884,0.087023468,631.1230721,5,FALSE
donors,SiForest,0.724290988,0.093500628,631.2434456,7,FALSE
donors,SiForest,0.710717289,0.089157086,620.2236955,9,FALSE
mulcross,SiForest,0.959633255,0.541053205,346.7030675,3,FALSE
mulcross,SiForest,0.947630796,0.474858382,343.5071304,5,FALSE
mulcross,SiForest,0.953080405,0.501326712,355.4147656,7,FALSE
mulcross,SiForest,0.955482498,0.515554699,348.2884395,9,FALSE
mulcross,SiForest,0.953662776,0.504385939,355.8546638,0,FALSE
mulcross,SiForest,0.955128278,0.515050206,339.496316,1,FALSE
mulcross,SiForest,0.960408553,0.544006576,346.5842571,2,FALSE
mulcross,SiForest,0.96233644,0.558902918,351.7287118,4,FALSE
mulcross,SiForest,0.948485515,0.477398611,368.6762793,6,FALSE
mulcross,SiForest,0.9563552,0.520030646,349.974612,8,FALSE
http,SiForest,0.999107035,0.823297785,611.770788,3,FALSE
http,SiForest,0.998926495,0.727577933,608.0122631,5,FALSE
http,SiForest,0.99841732,0.68720575,617.3928895,7,FALSE
http,SiForest,0.998928942,0.792390496,608.4882133,9,FALSE
http,SiForest,0.999185302,0.799832785,618.8403571,2,FALSE
http,SiForest,0.998787325,0.693865838,619.5699699,1,FALSE
http,SiForest,0.999267053,0.812173708,615.5331881,4,FALSE
http,SiForest,0.99882533,0.636686176,612.1492362,6,FALSE
http,SiForest,0.997922499,0.636225252,612.8536222,8,FALSE
http,SiForest,0.99946668,0.868458149,607.5464492,0,FALSE
insects,SiForest,0.761162157,0.113674321,340.5361121,2,FALSE
insects,SiForest,0.758263614,0.114564115,332.7199574,1,FALSE
insects,SiForest,0.757388789,0.111434591,343.4502177,3,FALSE
insects,SiForest,0.758994494,0.112348527,342.5870066,0,FALSE
insects,SiForest,0.764865846,0.114555628,336.9335678,5,FALSE
insects,SiForest,0.764680746,0.117240358,340.1142604,7,FALSE
insects,SiForest,0.75739626,0.114308666,330.0702612,9,FALSE
insects,SiForest,0.748283003,0.111284209,344.2717113,4,FALSE
insects,SiForest,0.76340028,0.116440967,341.0649292,6,FALSE
insects,SiForest,0.74928371,0.107683496,340.4518681,8,FALSE
Thursday-WorkingHours-Morning-WebAttacks,SiForest,0.612854374,0.015547148,314.7937961,9,FALSE
Thursday-WorkingHours-Morning-WebAttacks,SiForest,0.662211816,0.017429198,310.4297078,1,FALSE
Thursday-WorkingHours-Morning-WebAttacks,SiForest,0.615618566,0.015429664,318.7742007,0,FALSE
Thursday-WorkingHours-Morning-WebAttacks,SiForest,0.66408078,0.017532619,312.8769195,2,FALSE
Thursday-WorkingHours-Morning-WebAttacks,SiForest,0.61668502,0.015402293,302.7437623,4,FALSE
Thursday-WorkingHours-Morning-WebAttacks,SiForest,0.622776626,0.015951413,304.5505943,6,FALSE
Thursday-WorkingHours-Morning-WebAttacks,SiForest,0.597969509,0.015014833,320.9724102,8,FALSE
Thursday-WorkingHours-Morning-WebAttacks,SiForest,0.627617935,0.016155163,305.8797953,3,FALSE
Thursday-WorkingHours-Morning-WebAttacks,SiForest,0.671356667,0.01813228,310.2327504,5,FALSE
Thursday-WorkingHours-Morning-WebAttacks,SiForest,0.611001982,0.015374195,301.6177936,7,FALSE
Friday-WorkingHours-Morning,SiForest,0.61650487,0.012304581,318.4748075,8,FALSE
Friday-WorkingHours-Morning,SiForest,0.609526793,0.012161269,312.2750835,0,FALSE
Friday-WorkingHours-Morning,SiForest,0.621997412,0.012383601,318.8191731,2,FALSE
Friday-WorkingHours-Morning,SiForest,0.62309351,0.012468188,329.3302612,4,FALSE
Friday-WorkingHours-Morning,SiForest,0.609829143,0.012018778,326.225841,1,FALSE
Friday-WorkingHours-Morning,SiForest,0.644321935,0.01302643,314.6690445,6,FALSE
Friday-WorkingHours-Morning,SiForest,0.619981137,0.012194697,328.0067143,7,FALSE
Friday-WorkingHours-Morning,SiForest,0.640478474,0.012967508,315.3386929,9,FALSE
Friday-WorkingHours-Morning,SiForest,0.622859818,0.012380214,331.1456752,3,FALSE
Friday-WorkingHours-Morning,SiForest,0.627912261,0.012541349,326.7947588,5,FALSE
Thursday-WorkingHours-Afternoon-Infilteration,SiForest,0.949066919,0.036546622,410.8043787,7,FALSE
Thursday-WorkingHours-Afternoon-Infilteration,SiForest,0.945591977,0.035922436,394.7635944,9,FALSE
Thursday-WorkingHours-Afternoon-Infilteration,SiForest,0.952525785,0.02216904,407.2675369,4,FALSE
Thursday-WorkingHours-Afternoon-Infilteration,SiForest,0.951689947,0.025214761,398.2620757,6,FALSE
Thursday-WorkingHours-Afternoon-Infilteration,SiForest,0.946183889,0.042658752,407.1027126,8,FALSE
Thursday-WorkingHours-Afternoon-Infilteration,SiForest,0.948743865,0.031678055,394.8424993,1,FALSE
Thursday-WorkingHours-Afternoon-Infilteration,SiForest,0.953717309,0.027882255,403.8566606,2,FALSE
Thursday-WorkingHours-Afternoon-Infilteration,SiForest,0.952569872,0.024651773,408.6392863,3,FALSE
Thursday-WorkingHours-Afternoon-Infilteration,SiForest,0.946533606,0.032278475,411.668288,0,FALSE
Thursday-WorkingHours-Afternoon-Infilteration,SiForest,0.95079202,0.018320636,407.2359538,5,FALSE
Tuesday-WorkingHours,SiForest,0.668009943,0.041383701,515.9831319,1,FALSE
Tuesday-WorkingHours,SiForest,0.66513865,0.041471826,551.3622181,0,FALSE
Tuesday-WorkingHours,SiForest,0.637387239,0.038105485,531.5023439,2,FALSE
Tuesday-WorkingHours,SiForest,0.654664203,0.039895068,530.8704193,4,FALSE
Tuesday-WorkingHours,SiForest,0.650237412,0.039429913,541.5625122,6,FALSE
Tuesday-WorkingHours,SiForest,0.648575715,0.03949466,533.3561909,8,FALSE
Tuesday-WorkingHours,SiForest,0.639384607,0.038298318,527.8765597,3,FALSE
Tuesday-WorkingHours,SiForest,0.651578955,0.039922025,524.112463,5,FALSE
Tuesday-WorkingHours,SiForest,0.653573165,0.040079821,533.3981178,9,FALSE
Tuesday-WorkingHours,SiForest,0.645050042,0.038930228,520.5297382,7,FALSE
Friday-WorkingHours-Morning,WTNFS,0.548521391,,,1,
Friday-WorkingHours-Morning,WTNFS,0.563953461,,,5,
Friday-WorkingHours-Morning,WTNFS,0.572509524,,,7,
Friday-WorkingHours-Morning,WTNFS,0.580494707,,,3,
Friday-WorkingHours-Morning,WTNFS,0.575740645,,,4,
Friday-WorkingHours-Morning,WTNFS,0.580558659,,,9,
Friday-WorkingHours-Morning,WTNFS,0.516339212,,,8,
Friday-WorkingHours-Morning,WTNFS,0.534220583,,,0,
Friday-WorkingHours-Morning,WTNFS,0.540063213,,,6,
Friday-WorkingHours-Morning,WTNFS,0.537312475,,,2,
Thursday-WorkingHours-Afternoon-Infilteration,WTNFS,0.924345105,,,0,
Thursday-WorkingHours-Afternoon-Infilteration,WTNFS,0.921942275,,,1,
Thursday-WorkingHours-Morning-WebAttacks,WTNFS,0.660385746,,,0,
Thursday-WorkingHours-Morning-WebAttacks,WTNFS,0.661477137,,,1,
Thursday-WorkingHours-Morning-WebAttacks,WTNFS,0.663288066,,,3,
Thursday-WorkingHours-Morning-WebAttacks,WTNFS,0.64172814,,,2,
Thursday-WorkingHours-Afternoon-Infilteration,WTNFS,0.911991778,,,2,
Thursday-WorkingHours-Afternoon-Infilteration,WTNFS,0.91939178,,,4,
Thursday-WorkingHours-Afternoon-Infilteration,WTNFS,0.916753398,,,5,
Thursday-WorkingHours-Afternoon-Infilteration,WTNFS,0.929754035,,,8,
Thursday-WorkingHours-Afternoon-Infilteration,WTNFS,0.917285772,,,6,
Thursday-WorkingHours-Afternoon-Infilteration,WTNFS,0.93301003,,,3,
Thursday-WorkingHours-Afternoon-Infilteration,WTNFS,0.925955655,,,9,
Thursday-WorkingHours-Afternoon-Infilteration,WTNFS,0.9252258,,,7,
Thursday-WorkingHours-Morning-WebAttacks,WTNFS,0.653629842,,,5,
Thursday-WorkingHours-Morning-WebAttacks,WTNFS,0.686849727,,,4,
Thursday-WorkingHours-Morning-WebAttacks,WTNFS,0.670312278,,,7,
Thursday-WorkingHours-Morning-WebAttacks,WTNFS,0.615191591,,,6,
Thursday-WorkingHours-Morning-WebAttacks,WTNFS,0.689218351,,,8,
Thursday-WorkingHours-Morning-WebAttacks,WTNFS,0.607672021,,,9,
backdoor,WTNFS,0.578414057,,,0,
backdoor,WTNFS,0.636056647,,,1,
backdoor,WTNFS,0.684572332,,,2,
backdoor,WTNFS,0.625228283,,,3,
Tuesday-WorkingHours,WTNFS,0.647770888,,,1,
Tuesday-WorkingHours,WTNFS,0.63730438,,,0,
Tuesday-WorkingHours,WTNFS,0.662681576,,,3,
Tuesday-WorkingHours,WTNFS,0.649446149,,,4,
Tuesday-WorkingHours,WTNFS,0.627703922,,,2,
Tuesday-WorkingHours,WTNFS,0.643227672,,,5,
backdoor,WTNFS,0.639112405,,,4,
backdoor,WTNFS,0.672767469,,,5,
campaign,WTNFS,0.733462333,,,0,
campaign,WTNFS,0.725465221,,,1,
Tuesday-WorkingHours,WTNFS,0.627592292,,,7,
Tuesday-WorkingHours,WTNFS,0.646157413,,,6,
campaign,WTNFS,0.709004841,,,2,
campaign,WTNFS,0.738413018,,,3,
campaign,WTNFS,0.735501766,,,4,
campaign,WTNFS,0.728334093,,,5,
campaign,WTNFS,0.730780303,,,6,
backdoor,WTNFS,0.674757894,,,6,
backdoor,WTNFS,0.663757995,,,7,
campaign,WTNFS,0.734984372,,,7,
backdoor,WTNFS,0.6647774,,,8,
backdoor,WTNFS,0.686746786,,,9,
campaign,WTNFS,0.727050176,,,8,
campaign,WTNFS,0.740395805,,,9,
Tuesday-WorkingHours,WTNFS,0.639507235,,,8,
Tuesday-WorkingHours,WTNFS,0.663559147,,,9,
celeba,WTNFS,0.847314612,,,0,
celeba,WTNFS,0.846137187,,,1,
celeba,WTNFS,0.843224961,,,5,
celeba,WTNFS,0.843762326,,,2,
celeba,WTNFS,0.846336696,,,3,
celeba,WTNFS,0.846036339,,,4,
celeba,WTNFS,0.846190503,,,6,
celeba,WTNFS,0.843477989,,,7,
celeba,WTNFS,0.846807052,,,8,
celeba,WTNFS,0.84406182,,,9,
census,WTNFS,0.667321855,,,0,
census,WTNFS,0.654042688,,,1,
cover,WTNFS,0.880862442,,,0,
cover,WTNFS,0.912548093,,,1,
census,WTNFS,0.676009451,,,2,
census,WTNFS,0.673576032,,,3,
census,WTNFS,0.653273425,,,4,
census,WTNFS,0.654011471,,,8,
census,WTNFS,0.673970966,,,7,
census,WTNFS,0.664122368,,,6,
census,WTNFS,0.660665063,,,5,
census,WTNFS,0.666347819,,,9,
cover,WTNFS,0.880627538,,,2,
cover,WTNFS,0.886088468,,,3,
cover,WTNFS,0.873894794,,,4,
cover,WTNFS,0.900366184,,,5,
cover,WTNFS,0.898148834,,,7,
cover,WTNFS,0.883623374,,,6,
cover,WTNFS,0.837670576,,,8,
cover,WTNFS,0.870961474,,,9,
fraud,WTNFS,0.952808605,,,1,
fraud,WTNFS,0.951613163,,,0,
donors,WTNFS,0.878401353,,,0,
donors,WTNFS,0.883774434,,,2,
donors,WTNFS,0.884459765,,,3,
donors,WTNFS,0.891775824,,,1,
donors,WTNFS,0.875242539,,,5,
donors,WTNFS,0.886112232,,,4,
donors,WTNFS,0.877361089,,,6,
donors,WTNFS,0.876739913,,,7,
donors,WTNFS,0.890027019,,,8,
donors,WTNFS,0.887112255,,,9,
fraud,WTNFS,0.951652517,,,2,
fraud,WTNFS,0.951813244,,,3,
fraud,WTNFS,0.955556309,,,4,
fraud,WTNFS,0.951887703,,,5,
fraud,WTNFS,0.953101006,,,6,
fraud,WTNFS,0.954497717,,,7,
fraud,WTNFS,0.95218306,,,8,
fraud,WTNFS,0.953930907,,,9,
insects,WTNFS,0.77411829,,,0,
insects,WTNFS,0.778005371,,,1,
http,WTNFS,0.986063695,,,0,
http,WTNFS,0.974725898,,,1,
http,WTNFS,0.980688447,,,2,
http,WTNFS,0.985730538,,,4,
http,WTNFS,0.976587928,,,3,
http,WTNFS,0.980675291,,,5,
http,WTNFS,0.973174925,,,6,
http,WTNFS,0.986158313,,,7,
http,WTNFS,0.987279911,,,9,
http,WTNFS,0.97878201,,,8,
mammography,WTNFS,0.866554342,,,0,
insects,WTNFS,0.801919056,,,2,
mammography,WTNFS,0.874054043,,,1,
insects,WTNFS,0.776858892,,,3,
mammography,WTNFS,0.860913457,,,2,
mammography,WTNFS,0.865672998,,,3,
mammography,WTNFS,0.877205825,,,4,
mammography,WTNFS,0.861859943,,,5,
mammography,WTNFS,0.867547307,,,6,
mammography,WTNFS,0.867983577,,,7,
mammography,WTNFS,0.88150832,,,8,
mammography,WTNFS,0.860112043,,,9,
insects,WTNFS,0.784139074,,,4,
insects,WTNFS,0.784554731,,,5,
insects,WTNFS,0.77483768,,,6,
insects,WTNFS,0.796980968,,,7,
insects,WTNFS,0.815268185,,,8,
insects,WTNFS,0.792646839,,,9,
nyc_taxi,WTNFS,0.624622442,,,0,
nyc_taxi,WTNFS,0.60092742,,,1,
nyc_taxi,WTNFS,0.619568691,,,2,
nyc_taxi,WTNFS,0.613811023,,,3,
nyc_taxi,WTNFS,0.616794401,,,4,
nyc_taxi,WTNFS,0.605545453,,,5,
nyc_taxi,WTNFS,0.61523049,,,6,
nyc_taxi,WTNFS,0.589195179,,,7,
nyc_taxi,WTNFS,0.614960669,,,8,
nyc_taxi,WTNFS,0.595824473,,,9,
nyc_taxi_shingle,WTNFS,0.640623299,,,0,
nyc_taxi_shingle,WTNFS,0.653419925,,,1,
nyc_taxi_shingle,WTNFS,0.644372271,,,2,
nyc_taxi_shingle,WTNFS,0.655989176,,,3,
nyc_taxi_shingle,WTNFS,0.674665436,,,4,
nyc_taxi_shingle,WTNFS,0.625440216,,,5,
nyc_taxi_shingle,WTNFS,0.641182024,,,6,
nyc_taxi_shingle,WTNFS,0.663226725,,,7,
nyc_taxi_shingle,WTNFS,0.633864383,,,8,
mulcross,WTNFS,0.974878317,,,0,
mulcross,WTNFS,0.974870776,,,1,
nyc_taxi_shingle,WTNFS,0.650004349,,,9,
mulcross,WTNFS,0.97270861,,,2,
mulcross,WTNFS,0.973614097,,,3,
mulcross,WTNFS,0.974285171,,,4,
mulcross,WTNFS,0.971678545,,,5,
shuttle,WTNFS,0.998416632,,,0,
shuttle,WTNFS,0.997733824,,,1,
shuttle,WTNFS,0.998679539,,,3,
shuttle,WTNFS,0.997444444,,,2,
shuttle,WTNFS,0.998312534,,,4,
shuttle,WTNFS,0.997519632,,,5,
shuttle,WTNFS,0.998035638,,,7,
shuttle,WTNFS,0.998552375,,,6,
shuttle,WTNFS,0.998655366,,,8,
shuttle,WTNFS,0.997893097,,,9,
mulcross,WTNFS,0.974485547,,,6,
smtp,WTNFS,0.913868799,,,0,
smtp,WTNFS,0.911968512,,,1,
smtp,WTNFS,0.918222673,,,2,
smtp,WTNFS,0.905896215,,,3,
smtp,WTNFS,0.915327741,,,4,
smtp,WTNFS,0.916516165,,,5,
mulcross,WTNFS,0.973669315,,,7,
mulcross,WTNFS,0.974521437,,,9,
mulcross,WTNFS,0.974367893,,,8,
smtp,WTNFS,0.911271542,,,6,
smtp,WTNFS,0.913976726,,,7,
smtp,WTNFS,0.911362999,,,8,
smtp,WTNFS,0.9053522,,,9,
